path,version,stage,nplayers,chars,last_frame,ucf
Gang-Steals\10\Game_20190309T081336.slp,1.7.1,32,2,20 7,7183,1
Gang-Steals\10\Game_20190309T081603.slp,1.7.1,31,2,2 7,11542,1
Gang-Steals\10\Game_20190309T094156.slp,1.7.1,31,2,20 9,8508,1
Gang-Steals\10\Game_20190309T094432.slp,1.7.1,28,2,20 9,9275,1
Gang-Steals\10\Game_20190309T094726.slp,1.7.1,2,2,20 9,10890,1
Gang-Steals\10\Game_20190309T095039.slp,1.7.1,8,2,20 9,9019,1
Gang-Steals\10\Game_20190309T095326.slp,1.7.1,3,2,20 9,13335,1
Gang-Steals\10\Game_20190309T095728.slp,1.7.1,3,2,20 9,2969,1
Gang-Steals\10\Game_20190309T100244.slp,1.7.1,2,2,19 9,10451,1
Gang-Steals\10\Game_20190309T100601.slp,1.7.1,8,2,19 9,9830,1
Gang-Steals\10\Game_20190309T101101.slp,1.7.1,31,2,16 2,3004,1
Gang-Steals\10\Game_20190309T101209.slp,1.7.1,28,2,19 2,8633,1
Gang-Steals\10\Game_20190309T101531.slp,1.7.1,28,2,19 2,10608,1
Gang-Steals\10\Game_20190309T102231.slp,1.7.1,2,2,12 2,8747,1
Gang-Steals\10\Game_20190309T102513.slp,1.7.1,28,2,12 2,7638,1
Gang-Steals\10\Game_20190309T102904.slp,1.7.1,31,2,9 2,9189,1
Gang-Steals\10\Game_20190309T103212.slp,1.7.1,2,2,13 2,9934,1
Gang-Steals\10\Game_20190309T104050.slp,1.7.1,31,2,9 2,8749,1
Gang-Steals\10\Game_20190309T104330.slp,1.7.1,8,2,9 2,8341,1
Gang-Steals\10\Game_20190309T104747.slp,1.7.1,31,2,20 9,6844,1
Gang-Steals\10\Game_20190309T105019.slp,1.7.1,8,2,20 9,4595,1
Gang-Steals\10\Game_20190309T105153.slp,1.7.1,31,2,20 9,4426,1
Gang-Steals\10\Game_20190309T110422.slp,1.7.1,31,2,15 0,11197,1
Gang-Steals\10\Game_20190309T110743.slp,1.7.1,32,2,15 0,14001,1
Gang-Steals\10\Game_20190309T111150.slp,1.7.1,2,2,15 0,12427,1
Gang-Steals\10\Game_20190309T113404.slp,1.7.1,31,2,0 14,9356,1
Gang-Steals\10\Game_20190309T113712.slp,1.7.1,31,2,20 14,8671,1
Gang-Steals\10\Game_20190309T114247.slp,1.7.1,8,2,2 2,9135,1
Gang-Steals\10\Game_20190309T114534.slp,1.7.1,31,2,2 2,10409,1
Gang-Steals\10\Game_20190309T114843.slp,1.7.1,31,2,2 2,1093,1
Gang-Steals\10\Game_20190309T114947.slp,1.7.1,8,2,22 2,14392,1
Gang-Steals\10\Game_20190309T115401.slp,1.7.1,3,2,22 2,20618,1
Gang-Steals\10\Game_20190309T120006.slp,1.7.1,31,2,22 2,23068,1
Gang-Steals\10\Game_20190309T120908.slp,1.7.1,32,2,0 15,10823,1
Gang-Steals\10\Game_20190309T121234.slp,1.7.1,8,2,0 2,10883,1
Gang-Steals\10\Game_20190309T121713.slp,1.7.1,31,2,2 20,2772,1
Gang-Steals\10\Game_20190309T121814.slp,1.7.1,2,2,2 20,8982,1
Gang-Steals\10\Game_20190309T122123.slp,1.7.1,8,2,2 20,9737,1
Gang-Steals\10\Game_20190309T122730.slp,1.7.1,31,2,20 19,10926,1
Gang-Steals\10\Game_20190309T123052.slp,1.7.1,8,2,20 19,11771,1
Gang-Steals\10\Game_20190309T123841.slp,1.7.1,31,2,20 19,1743,1
Gang-Steals\10\Game_20190309T123923.slp,1.7.1,28,2,20 19,14786,1
Gang-Steals\10\Game_20190309T124345.slp,1.7.1,31,2,20 19,9024,1
Gang-Steals\10\Game_20190309T130054.slp,1.7.1,31,2,9 20,7792,1
Gang-Steals\10\Game_20190309T130332.slp,1.7.1,31,2,0 0,5139,1
Gang-Steals\10\Game_20190309T131436.slp,1.7.1,28,2,9 2,4846,1
Gang-Steals\10\Game_20190309T150106.slp,1.7.1,28,2,20 19,15724,1
Gang-Steals\10\Game_20190309T150542.slp,1.7.1,31,2,20 19,9413,1
Gang-Steals\10\Game_20190309T152203.slp,1.7.1,31,2,12 25,10645,1
Gang-Steals\10\Game_20190309T152515.slp,1.7.1,31,2,12 25,12529,1
Gang-Steals\10\Game_20190309T152859.slp,1.7.1,2,2,12 25,13151,1
Gang-Steals\10\Game_20190309T153451.slp,1.7.1,32,2,2 9,5808,1
Gang-Steals\10\Game_20190309T153642.slp,1.7.1,3,2,2 9,2044,1
Gang-Steals\10\Game_20190309T153858.slp,1.7.1,8,2,20 2,7517,1
Gang-Steals\10\Game_20190309T154117.slp,1.7.1,31,2,20 2,7000,1
Gang-Steals\10\Game_20190309T154328.slp,1.7.1,28,2,20 2,7486,1
Gang-Steals\10\Game_20190309T154626.slp,1.7.1,8,2,20 2,6348,1
Gang-Steals\10\Game_20190309T154825.slp,1.7.1,3,2,20 2,11269,1
Gang-Steals\10\Game_20190309T155218.slp,1.7.1,32,2,20 2,5205,1
Gang-Steals\10\Game_20190309T155358.slp,1.7.1,2,2,20 2,8717,1
Gang-Steals\10\Game_20190309T155635.slp,1.7.1,2,2,20 2,6850,1
Gang-Steals\10\Game_20190309T155843.slp,1.7.1,31,2,20 2,7078,1
Gang-Steals\10\Game_20190309T160201.slp,1.7.1,3,2,9 2,10110,1
Gang-Steals\10\Game_20190309T160503.slp,1.7.1,8,2,9 2,7046,1
Gang-Steals\10\Game_20190309T160714.slp,1.7.1,32,2,9 2,10324,1
Gang-Steals\10\Game_20190309T161020.slp,1.7.1,28,2,9 2,9325,1
Gang-Steals\10\Game_20190309T161314.slp,1.7.1,3,2,9 2,12321,1
Gang-Steals\10\Game_20190309T161718.slp,1.7.1,8,2,9 15,10615,1
Gang-Steals\10\Game_20190309T162033.slp,1.7.1,31,2,2 15,2875,1
Gang-Steals\10\Game_20190309T162135.slp,1.7.1,28,2,2 15,9454,1
Gang-Steals\10\Game_20190309T162427.slp,1.7.1,32,2,9 15,13044,1
Gang-Steals\10\Game_20190309T162827.slp,1.7.1,2,2,9 15,7292,1
Gang-Steals\10\Game_20190309T163042.slp,1.7.1,2,2,9 15,9423,1
Gang-Steals\10\Game_20190309T163333.slp,1.7.1,32,2,9 15,11296,1
Gang-Steals\10\Game_20190309T163656.slp,1.7.1,8,2,9 15,16038,1
Gang-Steals\10\Game_20190309T164137.slp,1.7.1,31,2,9 15,16996,1
Gang-Steals\10\Game_20190309T164635.slp,1.7.1,3,2,9 15,7735,1
Gang-Steals\10\Game_20190309T164858.slp,1.7.1,28,2,9 15,12630,1
Gang-Steals\10\Game_20190309T165352.slp,1.7.1,28,2,20 2,4952,1
Gang-Steals\10\Game_20190309T165535.slp,1.7.1,3,2,20 2,8050,1
Gang-Steals\10\Game_20190309T165807.slp,1.7.1,32,2,20 2,6413,1
Gang-Steals\10\Game_20190309T170010.slp,1.7.1,2,2,20 2,5392,1
Gang-Steals\10\Game_20190309T170404.slp,1.7.1,8,2,20 2,6681,1
Gang-Steals\10\Game_20190309T170610.slp,1.7.1,31,2,20 2,2277,1
Gang-Steals\10\Game_20190309T170706.slp,1.7.1,28,2,20 20,6557,1
Gang-Steals\10\Game_20190309T170909.slp,1.7.1,2,2,20 20,7052,1
Gang-Steals\10\Game_20190309T171123.slp,1.7.1,31,2,20 2,11128,1
Gang-Steals\10\Game_20190309T171446.slp,1.7.1,3,2,20 2,4583,1
Gang-Steals\11\Game_20190308T082213.slp,1.7.1,32,2,0 7,10929,1
Gang-Steals\11\Game_20190308T094948.slp,1.7.1,8,2,9 0,31711,1
Gang-Steals\11\Game_20190308T100323.slp,1.7.1,31,2,6 19,7259,1
Gang-Steals\11\Game_20190308T100543.slp,1.7.1,31,2,6 19,7123,1
Gang-Steals\11\Game_20190308T100759.slp,1.7.1,31,2,6 19,4086,1
Gang-Steals\11\Game_20190308T101041.slp,1.7.1,31,2,25 9,11419,1
Gang-Steals\11\Game_20190308T101408.slp,1.7.1,8,2,25 9,13334,1
Gang-Steals\11\Game_20190308T101813.slp,1.7.1,8,2,25 9,8936,1
Gang-Steals\11\Game_20190308T102201.slp,1.7.1,28,2,20 0,9409,1
Gang-Steals\11\Game_20190308T102540.slp,1.7.1,31,2,20 0,5672,1
Gang-Steals\11\Game_20190308T102730.slp,1.7.1,3,2,20 0,11880,1
Gang-Steals\11\Game_20190308T103123.slp,1.7.1,8,2,20 25,10080,1
Gang-Steals\11\Game_20190308T103437.slp,1.7.1,8,2,25 0,10049,1
Gang-Steals\11\Game_20190308T103753.slp,1.7.1,3,2,20 25,13334,1
Gang-Steals\11\Game_20190308T104155.slp,1.7.1,28,2,19 0,7313,1
Gang-Steals\11\Game_20190308T104713.slp,1.7.1,8,2,12 9,12956,1
Gang-Steals\11\Game_20190308T105141.slp,1.7.1,31,2,12 9,9947,1
Gang-Steals\11\Game_20190308T105625.slp,1.7.1,31,2,20 20,11878,1
Gang-Steals\11\Game_20190308T110002.slp,1.7.1,8,2,20 20,10413,1
Gang-Steals\11\Game_20190308T110537.slp,1.7.1,2,2,2 9,9489,1
Gang-Steals\11\Game_20190308T110839.slp,1.7.1,31,2,2 9,10121,1
Gang-Steals\11\Game_20190308T111144.slp,1.7.1,32,2,2 9,10928,1
Gang-Steals\11\Game_20190308T111504.slp,1.7.1,28,2,2 9,11852,1
Gang-Steals\11\Game_20190308T112140.slp,1.7.1,8,2,2 2,7333,1
Gang-Steals\11\Game_20190308T112407.slp,1.7.1,3,2,2 2,12942,1
Gang-Steals\11\Game_20190308T112757.slp,1.7.1,32,2,2 2,2,1
Gang-Steals\11\Game_20190308T112813.slp,1.7.1,2,2,9 2,10088,1
Gang-Steals\11\Game_20190308T113448.slp,1.7.1,31,2,0 25,2205,1
Gang-Steals\11\Game_20190308T113538.slp,1.7.1,31,2,0 25,13420,1
Gang-Steals\11\Game_20190308T113937.slp,1.7.1,8,2,0 25,9837,1
Gang-Steals\11\Game_20190308T114247.slp,1.7.1,3,2,0 25,10465,1
Gang-Steals\11\Game_20190308T114753.slp,1.7.1,31,2,20 15,4068,1
Gang-Steals\11\Game_20190308T115000.slp,1.7.1,31,2,14 12,13483,1
Gang-Steals\11\Game_20190308T115404.slp,1.7.1,3,2,14 12,15752,1
Gang-Steals\11\Game_20190308T120000.slp,1.7.1,31,2,14 15,1954,1
Gang-Steals\11\Game_20190308T120054.slp,1.7.1,8,2,14 15,12695,1
Gang-Steals\11\Game_20190308T120447.slp,1.7.1,31,2,2 15,12087,1
Gang-Steals\11\Game_20190308T120915.slp,1.7.1,31,2,15 2,4142,1
Gang-Steals\11\Game_20190308T121342.slp,1.7.1,31,2,0 15,8174,1
Gang-Steals\11\Game_20190308T121621.slp,1.7.1,2,2,20 15,6581,1
Gang-Steals\11\Game_20190308T122308.slp,1.7.1,31,2,12 0,2281,1
Gang-Steals\11\Game_20190308T122401.slp,1.7.1,28,2,12 0,16635,1
Gang-Steals\11\Game_20190308T122908.slp,1.7.1,31,2,12 0,13119,1
Gang-Steals\11\Game_20190308T123446.slp,1.7.1,3,2,2 20,9548,1
Gang-Steals\11\Game_20190308T123743.slp,1.7.1,32,2,2 20,14,1
Gang-Steals\11\Game_20190308T123848.slp,1.7.1,31,2,20 2,13759,1
Gang-Steals\11\Game_20190308T124309.slp,1.7.1,28,2,20 2,13335,1
Gang-Steals\11\Game_20190308T124706.slp,1.7.1,3,2,20 2,10869,1
Gang-Steals\11\Game_20190308T125119.slp,1.7.1,31,2,2 20,8183,1
Gang-Steals\11\Game_20190308T125352.slp,1.7.1,3,2,2 20,9678,1
Gang-Steals\11\Game_20190308T125704.slp,1.7.1,8,2,2 20,7872,1
Gang-Steals\11\Game_20190308T130544.slp,1.7.1,28,2,25 0,9828,1
Gang-Steals\11\Game_20190308T131809.slp,1.7.1,31,2,9 7,14914,1
Gang-Steals\11\Game_20190308T132234.slp,1.7.1,31,2,19 7,10757,1
Gang-Steals\11\Game_20190308T132546.slp,1.7.1,3,2,19 7,11182,1
Gang-Steals\11\Game_20190308T133148.slp,1.7.1,31,2,19 2,9756,1
Gang-Steals\11\Game_20190308T133448.slp,1.7.1,8,2,19 2,8565,1
Gang-Steals\11\Game_20190308T133921.slp,1.7.1,2,2,2 16,11526,1
Gang-Steals\11\Game_20190308T134252.slp,1.7.1,8,2,2 16,1976,1
Gang-Steals\11\Game_20190308T134353.slp,1.7.1,31,2,19 0,11452,1
Gang-Steals\11\Game_20190308T134723.slp,1.7.1,31,2,19 0,13347,1
Gang-Steals\11\Game_20190308T135120.slp,1.7.1,3,2,19 0,8193,1
Gang-Steals\11\Game_20190308T141942.slp,1.7.1,31,2,9 7,9099,1
Gang-Steals\11\Game_20190308T142247.slp,1.7.1,28,2,9 19,9749,1
Gang-Steals\11\Game_20190308T142545.slp,1.7.1,31,2,9 19,9459,1
Gang-Steals\11\Game_20190308T142839.slp,1.7.1,3,2,0 19,20613,1
Gang-Steals\11\Game_20190308T143446.slp,1.7.1,8,2,0 20,10448,1
Gang-Steals\11\Game_20190308T143755.slp,1.7.1,32,2,0 20,11889,1
Gang-Steals\11\Game_20190308T144235.slp,1.7.1,2,2,15 9,9168,1
Gang-Steals\11\Game_20190308T144523.slp,1.7.1,28,2,15 9,8553,1
Gang-Steals\11\Game_20190308T144802.slp,1.7.1,8,2,15 9,5612,1
Gang-Steals\11\Game_20190308T144950.slp,1.7.1,31,2,15 9,6110,1
Gang-Steals\11\Game_20190308T145145.slp,1.7.1,2,2,15 9,6400,1
Gang-Steals\11\Game_20190308T145347.slp,1.7.1,31,2,15 9,6829,1
Gang-Steals\11\Game_20190308T145555.slp,1.7.1,32,2,15 9,7857,1
Gang-Steals\11\Game_20190308T145821.slp,1.7.1,3,2,15 9,7183,1
Gang-Steals\11\Game_20190308T150042.slp,1.7.1,3,2,15 9,6767,1
Gang-Steals\11\Game_20190308T150249.slp,1.7.1,8,2,15 9,7542,1
Gang-Steals\11\Game_20190308T150509.slp,1.7.1,31,2,15 9,6648,1
Gang-Steals\11\Game_20190308T150901.slp,1.7.1,2,2,20 20,7296,1
Gang-Steals\11\Game_20190308T151119.slp,1.7.1,32,2,20 20,9214,1
Gang-Steals\11\Game_20190308T151529.slp,1.7.1,31,2,0 12,6664,1
Gang-Steals\11\Game_20190308T151732.slp,1.7.1,2,2,0 12,8250,1
Gang-Steals\11\Game_20190308T152217.slp,1.7.1,31,2,2 16,12992,1
Gang-Steals\11\Game_20190308T152611.slp,1.7.1,3,2,2 16,14571,1
Gang-Steals\11\Game_20190308T153611.slp,1.7.1,8,2,2 16,4809,1
Gang-Steals\11\Game_20190308T153805.slp,1.7.1,18,2,2 16,4446,1
Gang-Steals\11\Game_20190308T153942.slp,1.7.1,31,2,2 20,4957,1
Gang-Steals\11\Game_20190308T154120.slp,1.7.1,32,2,2 0,9433,1
Gang-Steals\11\Game_20190308T154414.slp,1.7.1,28,2,2 9,5167,1
Gang-Steals\11\Game_20190308T154557.slp,1.7.1,2,2,2 2,6769,1
Gang-Steals\11\Game_20190308T154807.slp,1.7.1,31,2,9 19,7834,1
Gang-Steals\11\Game_20190308T155040.slp,1.7.1,31,2,25 16,8170,1
Gang-Steals\11\Game_20190308T155313.slp,1.7.1,2,2,8 3,5706,1
Gang-Steals\11\Game_20190308T155508.slp,1.7.1,32,2,20 6,9895,1
Gang-Steals\11\Game_20190308T155810.slp,1.7.1,3,2,12 20,8543,1
Gang-Steals\11\Game_20190308T160051.slp,1.7.1,8,2,0 22,3943,1
Gang-Steals\11\Game_20190308T160213.slp,1.7.1,28,2,21 2,9221,1
Gang-Steals\11\Game_20190308T160503.slp,1.7.1,28,2,18 9,11039,1
Gang-Steals\11\Game_20190308T160828.slp,1.7.1,32,2,5 0,4753,1
Gang-Steals\11\Game_20190308T161003.slp,1.7.1,8,2,7 20,6860,1
Gang-Steals\11\Game_20190308T161214.slp,1.7.1,3,2,22 5,19808,1
Gang-Steals\11\Game_20190308T161802.slp,1.7.1,2,2,4 24,8520,1
Gang-Steals\11\Game_20190308T162041.slp,1.7.1,31,2,11 22,7052,1
Gang-Steals\11\Game_20190308T162255.slp,1.7.1,3,2,16 12,14064,1
Gang-Steals\11\Game_20190308T162712.slp,1.7.1,8,2,16 12,15685,1
Gang-Steals\11\Game_20190308T163213.slp,1.7.1,8,2,16 10,9242,1
Gang-Steals\11\Game_20190308T163506.slp,1.7.1,3,2,10 2,7414,1
Gang-Steals\11\Game_20190308T163730.slp,1.7.1,8,2,17 2,8224,1
Gang-Steals\11\Game_20190308T164005.slp,1.7.1,32,2,17 2,7026,1
Gang-Steals\11\Game_20190308T164219.slp,1.7.1,32,2,1 2,8101,1
Gang-Steals\11\Game_20190308T164455.slp,1.7.1,32,2,20 2,5640,1
Gang-Steals\11\Game_20190308T164652.slp,1.7.1,31,2,20 2,8250,1
Gang-Steals\11\Game_20190308T164925.slp,1.7.1,2,2,20 2,6750,1
Gang-Steals\11\Game_20190308T165132.slp,1.7.1,8,2,20 2,10761,1
Gang-Steals\11\Game_20190308T165452.slp,1.7.1,28,2,20 2,8624,1
Gang-Steals\11\Game_20190308T165730.slp,1.7.1,31,2,20 2,7759,1
Gang-Steals\11\Game_20190308T170018.slp,1.7.1,3,2,20 2,4028,1
Gang-Steals\11\Game_20190308T170141.slp,1.7.1,28,2,20 2,1784,1
Gang-Steals\11\Game_20190308T170226.slp,1.7.1,8,2,20 20,5942,1
Gang-Steals\11\Game_20190308T170424.slp,1.7.1,2,2,2 20,7153,1
Gang-Steals\11\Game_20190308T170640.slp,1.7.1,32,2,20 20,6791,1
Gang-Steals\11\Game_20190308T170847.slp,1.7.1,3,2,20 20,6894,1
Gang-Steals\11\Game_20190308T171055.slp,1.7.1,28,2,20 20,6842,1
Gang-Steals\11\Game_20190308T171303.slp,1.7.1,31,2,20 20,6107,1
Gang-Steals\11\Game_20190308T171459.slp,1.7.1,32,2,20 20,4858,1
Gang-Steals\11\Game_20190308T171635.slp,1.7.1,8,2,20 20,5612,1
Gang-Steals\11\Game_20190308T171834.slp,1.7.1,2,2,17 20,4492,1
Gang-Steals\11\Game_20190308T172006.slp,1.7.1,8,2,9 20,9102,1
Gang-Steals\11\Game_20190308T172255.slp,1.7.1,32,2,13 2,7667,1
Gang-Steals\11\Game_20190308T172522.slp,1.7.1,2,2,3 2,5062,1
Gang-Steals\11\Game_20190308T172703.slp,1.7.1,3,2,16 2,7285,1
Gang-Steals\12\Game_20190309T082516.slp,1.7.1,31,2,15 7,316,1
Gang-Steals\12\Game_20190309T082737.slp,1.7.1,31,2,15 7,900,1
Gang-Steals\12\Game_20190309T082908.slp,1.7.1,28,2,15 7,3826,1
Gang-Steals\12\Game_20190309T083031.slp,1.7.1,32,2,20 7,7105,1
Gang-Steals\12\Game_20190309T092949.slp,1.7.1,8,2,2 0,25705,1
Gang-Steals\12\Game_20190309T093748.slp,1.7.1,8,2,9 0,6,1
Gang-Steals\12\Game_20190309T093823.slp,1.7.1,2,2,9 0,6515,1
Gang-Steals\12\Game_20190309T094028.slp,1.7.1,3,2,9 0,7250,1
Gang-Steals\12\Game_20190309T094249.slp,1.7.1,31,2,9 0,6310,1
Gang-Steals\12\Game_20190309T094456.slp,1.7.1,8,2,9 0,5392,1
Gang-Steals\12\Game_20190309T094643.slp,1.7.1,28,2,9 0,8913,1
Gang-Steals\12\Game_20190309T094927.slp,1.7.1,32,2,9 0,5771,1
Gang-Steals\12\Game_20190309T095122.slp,1.7.1,3,2,9 0,6390,1
Gang-Steals\12\Game_20190309T095336.slp,1.7.1,2,2,9 0,4656,1
Gang-Steals\12\Game_20190309T095510.slp,1.7.1,31,2,9 0,6392,1
Gang-Steals\12\Game_20190309T095733.slp,1.7.1,32,2,9 0,6003,1
Gang-Steals\12\Game_20190309T100209.slp,1.7.1,3,2,8 0,13610,1
Gang-Steals\12\Game_20190309T100612.slp,1.7.1,8,2,8 0,7760,1
Gang-Steals\12\Game_20190309T100901.slp,1.7.1,28,2,8 9,9354,1
Gang-Steals\12\Game_20190309T101152.slp,1.7.1,2,2,8 9,14886,1
Gang-Steals\12\Game_20190309T101618.slp,1.7.1,8,2,20 20,8885,1
Gang-Steals\12\Game_20190309T101912.slp,1.7.1,2,2,8 20,6796,1
Gang-Steals\12\Game_20190309T102122.slp,1.7.1,3,2,19 20,8180,1
Gang-Steals\12\Game_20190309T102354.slp,1.7.1,28,2,19 20,5690,1
Gang-Steals\12\Game_20190309T102643.slp,1.7.1,32,2,8 14,5252,1
Gang-Steals\12\Game_20190309T102906.slp,1.7.1,28,2,8 14,16720,1
Gang-Steals\12\Game_20190309T103402.slp,1.7.1,8,2,8 14,7663,1
Gang-Steals\12\Game_20190309T103627.slp,1.7.1,3,2,8 14,14051,1
Gang-Steals\12\Game_20190309T104431.slp,1.7.1,32,2,9 9,12919,1
Gang-Steals\12\Game_20190309T104820.slp,1.7.1,8,2,9 9,9876,1
Gang-Steals\12\Game_20190309T105135.slp,1.7.1,31,2,9 9,16730,1
Gang-Steals\12\Game_20190309T105835.slp,1.7.1,2,2,2 9,11216,1
Gang-Steals\12\Game_20190309T110200.slp,1.7.1,31,2,2 9,8130,1
Gang-Steals\12\Game_20190309T110624.slp,1.7.1,31,2,9 9,11520,1
Gang-Steals\12\Game_20190309T110955.slp,1.7.1,3,2,14 9,14082,1
Gang-Steals\12\Game_20190309T111419.slp,1.7.1,28,2,20 9,10914,1
Gang-Steals\12\Game_20190309T112436.slp,1.7.1,8,2,2 9,9974,1
Gang-Steals\12\Game_20190309T112738.slp,1.7.1,31,2,2 9,1011,1
Gang-Steals\12\Game_20190309T112809.slp,1.7.1,3,2,2 9,8301,1
Gang-Steals\12\Game_20190309T113422.slp,1.7.1,8,2,2 15,5162,1
Gang-Steals\12\Game_20190309T113610.slp,1.7.1,2,2,2 15,1191,1
Gang-Steals\12\Game_20190309T113703.slp,1.7.1,2,2,9 15,10105,1
Gang-Steals\12\Game_20190309T114007.slp,1.7.1,31,2,9 15,11226,1
Gang-Steals\12\Game_20190309T114738.slp,1.7.1,31,2,20 20,3057,1
Gang-Steals\12\Game_20190309T114842.slp,1.7.1,31,2,20 20,10805,1
Gang-Steals\12\Game_20190309T115158.slp,1.7.1,8,2,20 20,10270,1
Gang-Steals\12\Game_20190309T115739.slp,1.7.1,31,2,12 2,4646,1
Gang-Steals\12\Game_20190309T115915.slp,1.7.1,28,2,12 2,9189,1
Gang-Steals\12\Game_20190309T120202.slp,1.7.1,31,2,12 2,11901,1
Gang-Steals\12\Game_20190309T120922.slp,1.7.1,31,2,20 0,13731,1
Gang-Steals\12\Game_20190309T121326.slp,1.7.1,31,2,20 0,14624,1
Gang-Steals\12\Game_20190309T121825.slp,1.7.1,31,2,2 25,6322,1
Gang-Steals\12\Game_20190309T122124.slp,1.7.1,31,2,3 19,14340,1
Gang-Steals\12\Game_20190309T122542.slp,1.7.1,8,2,3 19,13264,1
Gang-Steals\12\Game_20190309T123137.slp,1.7.1,2,2,9 9,13751,1
Gang-Steals\12\Game_20190309T123549.slp,1.7.1,2,2,9 9,10396,1
Gang-Steals\12\Game_20190309T124111.slp,1.7.1,31,2,2 14,9261,1
Gang-Steals\12\Game_20190309T124405.slp,1.7.1,3,2,2 14,10852,1
Gang-Steals\12\Game_20190309T124722.slp,1.7.1,3,2,2 14,12442,1
Gang-Steals\12\Game_20190309T125315.slp,1.7.1,31,2,9 0,6933,1
Gang-Steals\12\Game_20190309T125527.slp,1.7.1,28,2,15 0,7674,1
Gang-Steals\12\Game_20190309T130104.slp,1.7.1,31,2,15 20,8206,1
Gang-Steals\12\Game_20190309T130337.slp,1.7.1,2,2,15 20,11280,1
Gang-Steals\12\Game_20190309T130857.slp,1.7.1,31,2,9 0,8254,1
Gang-Steals\12\Game_20190309T131209.slp,1.7.1,3,2,9 0,16881,1
Gang-Steals\12\Game_20190309T131709.slp,1.7.1,23,2,9 0,8969,1
Gang-Steals\12\Game_20190309T132029.slp,1.7.1,31,2,2 9,1532,1
Gang-Steals\12\Game_20190309T132147.slp,1.7.1,32,2,15 9,8788,1
Gang-Steals\12\Game_20190309T132439.slp,1.7.1,8,2,15 9,9195,1
Gang-Steals\12\Game_20190309T132727.slp,1.7.1,8,2,15 9,7692,1
Gang-Steals\12\Game_20190309T133403.slp,1.7.1,31,2,7 7,7351,1
Gang-Steals\12\Game_20190309T133634.slp,1.7.1,3,2,7 7,7832,1
Gang-Steals\12\Game_20190309T134220.slp,1.7.1,31,2,7 2,361,1
Gang-Steals\12\Game_20190309T134300.slp,1.7.1,31,2,7 2,699,1
Gang-Steals\12\Game_20190309T134421.slp,1.7.1,31,2,7 2,10466,1
Gang-Steals\12\Game_20190309T134739.slp,1.7.1,28,2,7 2,11431,1
Gang-Steals\12\Game_20190309T135245.slp,1.7.1,31,4,19 16 19 9,13882,1
Gang-Steals\12\Game_20190309T135718.slp,1.7.1,3,4,19 16 19 9,16591,1
Gang-Steals\12\Game_20190309T140419.slp,1.7.1,31,2,19 0,7157,1
Gang-Steals\12\Game_20190309T140632.slp,1.7.1,2,2,12 0,5657,1
Gang-Steals\12\Game_20190309T140935.slp,1.7.1,31,2,7 2,6765,1
Gang-Steals\12\Game_20190309T141146.slp,1.7.1,31,2,7 2,10905,1
Gang-Steals\12\Game_20190309T142611.slp,1.7.1,31,2,2 2,118,1
Gang-Steals\12\Game_20190309T142631.slp,1.7.1,31,2,2 2,12442,1
Gang-Steals\12\Game_20190309T143027.slp,1.7.1,32,2,8 9,13872,1
Gang-Steals\12\Game_20190309T143544.slp,1.7.1,8,2,2 0,11810,1
Gang-Steals\12\Game_20190309T143920.slp,1.7.1,2,2,2 0,12530,1
Gang-Steals\12\Game_20190309T145150.slp,1.7.1,8,2,20 0,9921,1
Gang-Steals\12\Game_20190309T145456.slp,1.7.1,31,2,20 0,8523,1
Gang-Steals\12\Game_20190309T145940.slp,1.7.1,31,2,0 20,7255,1
Gang-Steals\12\Game_20190309T150157.slp,1.7.1,31,2,0 19,10217,1
Gang-Steals\12\Game_20190309T150510.slp,1.7.1,28,2,0 19,10975,1
Gang-Steals\12\Game_20190309T151751.slp,1.7.1,31,2,6 0,2267,1
Gang-Steals\12\Game_20190309T151842.slp,1.7.1,31,2,6 0,14208,1
Gang-Steals\12\Game_20190309T152252.slp,1.7.1,3,2,6 0,11674,1
Gang-Steals\12\Game_20190309T153327.slp,1.7.1,31,2,2 0,8818,1
Gang-Steals\12\Game_20190309T153632.slp,1.7.1,31,2,2 0,6322,1
Gang-Steals\12\Game_20190309T153845.slp,1.7.1,31,2,9 0,4438,1
Gang-Steals\12\Game_20190309T154013.slp,1.7.1,31,2,9 0,11401,1
Gang-Steals\12\Game_20190309T154340.slp,1.7.1,31,2,9 0,8571,1
Gang-Steals\12\Game_20190309T154748.slp,1.7.1,31,2,20 12,11440,1
Gang-Steals\12\Game_20190309T155117.slp,1.7.1,31,2,20 19,2119,1
Gang-Steals\12\Game_20190309T155215.slp,1.7.1,31,2,12 19,2162,1
Gang-Steals\12\Game_20190309T155304.slp,1.7.1,31,2,20 19,10411,1
Gang-Steals\12\Game_20190309T155612.slp,1.7.1,31,2,20 12,10368,1
Gang-Steals\12\Game_20190309T155941.slp,1.7.1,3,2,12 19,5126,1
Gang-Steals\12\Game_20190309T160126.slp,1.7.1,32,2,20 19,11,1
Gang-Steals\12\Game_20190309T160524.slp,1.7.1,28,2,20 9,1960,1
Gang-Steals\12\Game_20190309T160622.slp,1.7.1,8,2,2 9,6878,1
Gang-Steals\12\Game_20190309T160831.slp,1.7.1,2,2,2 9,5538,1
Gang-Steals\12\Game_20190309T161019.slp,1.7.1,2,2,2 9,6020,1
Gang-Steals\12\Game_20190309T161214.slp,1.7.1,32,2,2 9,4879,1
Gang-Steals\12\Game_20190309T161352.slp,1.7.1,8,2,2 9,4494,1
Gang-Steals\12\Game_20190309T161533.slp,1.7.1,3,2,2 9,7691,1
Gang-Steals\12\Game_20190309T161756.slp,1.7.1,31,2,2 9,862,1
Gang-Steals\12\Game_20190309T161834.slp,1.7.1,28,2,9 9,10557,1
Gang-Steals\12\Game_20190309T162145.slp,1.7.1,28,2,9 9,12693,1
Gang-Steals\12\Game_20190309T162530.slp,1.7.1,31,2,9 9,2722,1
Gang-Steals\12\Game_20190309T162629.slp,1.7.1,32,2,9 9,15357,1
Gang-Steals\12\Game_20190309T163059.slp,1.7.1,2,2,9 9,9782,1
Gang-Steals\12\Game_20190309T163356.slp,1.7.1,3,2,9 9,14905,1
Gang-Steals\12\Game_20190309T163819.slp,1.7.1,8,2,9 9,8254,1
Gang-Steals\12\Game_20190309T164053.slp,1.7.1,8,2,9 9,5328,1
Gang-Steals\12\Game_20190309T164236.slp,1.7.1,32,2,9 9,9065,1
Gang-Steals\12\Game_20190309T164522.slp,1.7.1,2,2,9 9,12143,1
Gang-Steals\12\Game_20190309T164900.slp,1.7.1,28,2,9 9,9090,1
Gang-Steals\12\Game_20190309T165146.slp,1.7.1,3,2,9 9,11820,1
Gang-Steals\12\Game_20190309T165518.slp,1.7.1,31,2,9 9,14346,1
Gang-Steals\12\Game_20190309T170006.slp,1.7.1,3,2,9 9,10949,1
Gang-Steals\13\Game_20190309T094726.slp,1.7.1,31,2,20 20,1330,1
Gang-Steals\13\Game_20190309T094815.slp,1.7.1,3,2,20 14,11051,1
Gang-Steals\13\Game_20190309T095137.slp,1.7.1,32,2,20 14,9384,1
Gang-Steals\13\Game_20190309T095646.slp,1.7.1,31,2,2 14,3106,1
Gang-Steals\13\Game_20190309T095812.slp,1.7.1,8,2,2 9,7378,1
Gang-Steals\13\Game_20190309T100745.slp,1.7.1,31,2,14 14,9986,1
Gang-Steals\13\Game_20190309T101056.slp,1.7.1,2,2,14 14,8425,1
Gang-Steals\13\Game_20190309T101342.slp,1.7.1,28,2,14 0,3200,1
Gang-Steals\13\Game_20190309T101502.slp,1.7.1,32,2,14 2,2636,1
Gang-Steals\13\Game_20190309T101721.slp,1.7.1,31,2,2 2,2159,1
Gang-Steals\13\Game_20190309T102016.slp,1.7.1,2,2,14 19,11458,1
Gang-Steals\13\Game_20190309T102344.slp,1.7.1,3,2,14 19,15523,1
Gang-Steals\13\Game_20190309T102934.slp,1.7.1,31,2,0 15,10687,1
Gang-Steals\13\Game_20190309T103255.slp,1.7.1,8,2,0 20,5785,1
Gang-Steals\13\Game_20190309T103522.slp,1.7.1,8,2,0 0,6508,1
Gang-Steals\13\Game_20190309T104113.slp,1.7.1,31,2,0 22,9230,1
Gang-Steals\13\Game_20190309T104403.slp,1.7.1,8,2,0 22,6047,1
Gang-Steals\13\Game_20190309T104657.slp,1.7.1,31,2,19 20,12825,1
Gang-Steals\13\Game_20190309T105048.slp,1.7.1,8,2,19 20,11781,1
Gang-Steals\13\Game_20190309T105634.slp,1.7.1,2,2,12 20,13415,1
Gang-Steals\13\Game_20190309T110035.slp,1.7.1,28,2,12 20,13419,1
Gang-Steals\13\Game_20190309T110433.slp,1.7.1,31,2,12 20,10956,1
Gang-Steals\13\Game_20190309T110954.slp,1.7.1,31,2,14 12,16042,1
Gang-Steals\13\Game_20190309T111441.slp,1.7.1,3,2,14 12,20640,1
Gang-Steals\13\Game_20190309T112043.slp,1.7.1,28,2,14 12,17118,1
Gang-Steals\13\Game_20190309T113253.slp,1.7.1,28,2,2 19,10361,1
Gang-Steals\13\Game_20190309T113601.slp,1.7.1,8,2,2 19,9241,1
Gang-Steals\13\Game_20190309T113856.slp,1.7.1,2,2,2 19,6391,1
Gang-Steals\13\Game_20190309T114300.slp,1.7.1,31,2,16 9,8343,1
Gang-Steals\13\Game_20190309T114543.slp,1.7.1,32,2,16 19,11436,1
Gang-Steals\13\Game_20190309T115057.slp,1.7.1,31,2,2 9,2014,1
Gang-Steals\13\Game_20190309T115142.slp,1.7.1,31,2,2 9,8255,1
Gang-Steals\13\Game_20190309T115426.slp,1.7.1,31,2,2 9,13240,1
Gang-Steals\13\Game_20190309T120147.slp,1.7.1,32,2,2 12,12559,1
Gang-Steals\13\Game_20190309T120535.slp,1.7.1,8,2,2 12,7217,1
Gang-Steals\13\Game_20190309T120903.slp,1.7.1,32,2,20 2,1436,1
Gang-Steals\13\Game_20190309T121049.slp,1.7.1,8,2,14 9,12372,1
Gang-Steals\13\Game_20190309T121436.slp,1.7.1,8,2,14 9,9597,1
Gang-Steals\13\Game_20190309T121958.slp,1.7.1,31,2,14 9,14349,1
Gang-Steals\13\Game_20190309T122423.slp,1.7.1,3,2,14 9,13210,1
Gang-Steals\13\Game_20190309T123024.slp,1.7.1,28,2,20 2,8832,1
Gang-Steals\13\Game_20190309T123307.slp,1.7.1,8,2,20 2,7393,1
Gang-Steals\13\Game_20190309T123708.slp,1.7.1,31,2,20 19,2566,1
Gang-Steals\13\Game_20190309T123813.slp,1.7.1,28,2,20 19,13187,1
Gang-Steals\13\Game_20190309T124210.slp,1.7.1,3,2,20 19,12598,1
Gang-Steals\13\Game_20190309T124608.slp,1.7.1,31,2,20 19,14253,1
Gang-Steals\14\Game_20190309T092549.slp,1.7.1,8,2,20 0,9359,1
Gang-Steals\14\Game_20190309T092843.slp,1.7.1,32,2,0 9,15361,1
Gang-Steals\14\Game_20190309T093313.slp,1.7.1,2,2,15 0,12036,1
Gang-Steals\14\Game_20190309T093651.slp,1.7.1,31,2,0 9,7375,1
Gang-Steals\14\Game_20190309T093910.slp,1.7.1,3,2,0 9,8402,1
Gang-Steals\14\Game_20190309T094147.slp,1.7.1,28,2,20 0,9954,1
Gang-Steals\14\Game_20190309T094449.slp,1.7.1,31,2,20 9,12061,1
Gang-Steals\14\Game_20190309T094826.slp,1.7.1,32,2,15 20,10480,1
Gang-Steals\14\Game_20190309T095205.slp,1.7.1,8,2,15 20,10211,1
Gang-Steals\14\Game_20190309T095510.slp,1.7.1,8,2,20 20,9329,1
Gang-Steals\14\Game_20190309T095802.slp,1.7.1,3,2,20 20,2451,1
Gang-Steals\14\Game_20190309T101125.slp,1.7.1,31,2,9 14,13889,1
Gang-Steals\14\Game_20190309T101537.slp,1.7.1,28,2,9 14,17682,1
Gang-Steals\14\Game_20190309T102052.slp,1.7.1,2,2,9 12,7621,1
Gang-Steals\14\Game_20190309T102436.slp,1.7.1,2,2,0 9,4031,1
Gang-Steals\14\Game_20190309T102628.slp,1.7.1,32,2,0 9,7727,1
Gang-Steals\14\Game_20190309T102855.slp,1.7.1,3,2,0 9,13722,1
Gang-Steals\14\Game_20190309T103350.slp,1.7.1,28,2,2 2,3690,1
Gang-Steals\14\Game_20190309T103506.slp,1.7.1,8,2,2 2,3551,1
Gang-Steals\14\Game_20190309T103723.slp,1.7.1,2,2,19 9,14042,1
Gang-Steals\14\Game_20190309T104140.slp,1.7.1,31,2,19 9,11910,1
Gang-Steals\14\Game_20190309T104901.slp,1.7.1,8,2,2 2,8369,1
Gang-Steals\14\Game_20190309T105150.slp,1.7.1,2,2,2 2,10452,1
Gang-Steals\14\Game_20190309T105759.slp,1.7.1,31,2,19 2,11439,1
Gang-Steals\14\Game_20190309T110132.slp,1.7.1,31,2,19 2,17374,1
Gang-Steals\14\Game_20190309T110740.slp,1.7.1,28,2,14 2,7939,1
Gang-Steals\14\Game_20190309T111022.slp,1.7.1,8,2,14 2,11306,1
Gang-Steals\14\Game_20190309T112232.slp,1.7.1,31,2,9 19,14690,1
Gang-Steals\14\Game_20190309T112653.slp,1.7.1,3,2,9 18,2295,1
Gang-Steals\14\Game_20190309T113835.slp,1.7.1,28,2,13 7,13424,1
Gang-Steals\14\Game_20190309T114234.slp,1.7.1,32,2,13 7,13771,1
Gang-Steals\14\Game_20190309T114659.slp,1.7.1,3,2,13 7,14731,1
Gang-Steals\14\Game_20190309T115200.slp,1.7.1,32,2,15 0,1322,1
Gang-Steals\14\Game_20190309T115315.slp,1.7.1,32,2,15 0,3297,1
Gang-Steals\14\Game_20190309T115426.slp,1.7.1,8,2,15 0,2446,1
Gang-Steals\14\Game_20190309T115543.slp,1.7.1,28,2,19 9,9608,1
Gang-Steals\14\Game_20190309T115837.slp,1.7.1,31,2,19 9,12411,1
Gang-Steals\14\Game_20190309T120222.slp,1.7.1,3,2,15 9,1678,1
Gang-Steals\14\Game_20190309T120342.slp,1.7.1,31,2,9 19,7193,1
Gang-Steals\14\Game_20190309T120557.slp,1.7.1,8,2,9 19,4112,1
Gang-Steals\14\Game_20190309T121117.slp,1.7.1,28,2,12 19,15969,1
Gang-Steals\14\Game_20190309T121609.slp,1.7.1,3,2,12 2,7499,1
Gang-Steals\14\Game_20190309T122214.slp,1.7.1,2,2,2 2,842,1
Gang-Steals\14\Game_20190309T122330.slp,1.7.1,31,2,2 19,4739,1
Gang-Steals\14\Game_20190309T122506.slp,1.7.1,28,2,2 19,6825,1
Gang-Steals\14\Game_20190309T122814.slp,1.7.1,31,2,20 21,11432,1
Gang-Steals\14\Game_20190309T123141.slp,1.7.1,31,2,20 21,12188,1
Gang-Steals\14\Game_20190309T123701.slp,1.7.1,31,2,16 25,10866,1
Gang-Steals\14\Game_20190309T124017.slp,1.7.1,2,2,16 25,10961,1
Gang-Steals\14\Game_20190309T124336.slp,1.7.1,8,2,16 25,15835,1
Gang-Steals\14\Game_20190309T125015.slp,1.7.1,31,2,9 25,2618,1
Gang-Steals\14\Game_20190309T125238.slp,1.7.1,31,2,9 25,12108,1
Gang-Steals\14\Game_20190309T125614.slp,1.7.1,2,2,9 25,6206,1
Gang-Steals\14\Game_20190309T130008.slp,1.7.1,31,2,25 9,17179,1
Gang-Steals\14\Game_20190309T130514.slp,1.7.1,31,2,25 9,9529,1
Gang-Steals\14\Game_20190309T131432.slp,1.7.1,32,2,2 9,474,1
Gang-Steals\14\Game_20190309T131528.slp,1.7.1,31,2,14 2,2212,1
Gang-Steals\14\Game_20190309T131635.slp,1.7.1,28,2,14 2,15916,1
Gang-Steals\14\Game_20190309T132118.slp,1.7.1,8,2,14 2,7387,1
Gang-Steals\14\Game_20190309T132712.slp,1.7.1,2,2,9 20,2147,1
Gang-Steals\14\Game_20190309T132908.slp,1.7.1,31,4,9 19 16 2,9020,1
Gang-Steals\14\Game_20190309T133200.slp,1.7.1,3,4,9 19 16 2,12398,1
Gang-Steals\14\Game_20190309T133942.slp,1.7.1,32,4,12 19 12 9,1093,1
Gang-Steals\14\Game_20190309T134017.slp,1.7.1,31,4,12 19 12 9,12013,1
Gang-Steals\14\Game_20190309T134431.slp,1.7.1,3,4,12 19 12 9,13926,1
Gang-Steals\14\Game_20190309T135847.slp,1.7.1,31,4,2 15 0 0,10329,1
Gang-Steals\14\Game_20190309T140203.slp,1.7.1,3,4,2 15 0 0,10090,1
Gang-Steals\14\Game_20190309T140544.slp,1.7.1,32,4,2 15 0 0,7708,1
Gang-Steals\14\Game_20190309T141007.slp,1.7.1,32,4,9 15 0 2,9953,1
Gang-Steals\14\Game_20190309T141348.slp,1.7.1,31,4,9 15 0 2,8355,1
Gang-Steals\14\Game_20190309T142358.slp,1.7.1,3,2,20 0,9003,1
Gang-Steals\14\Game_20190309T142702.slp,1.7.1,28,2,20 0,7884,1
Gang-Steals\14\Game_20190309T142935.slp,1.7.1,31,2,19 0,11655,1
Gang-Steals\14\Game_20190309T143312.slp,1.7.1,31,2,9 0,8359,1
Gang-Steals\14\Game_20190309T143603.slp,1.7.1,8,2,9 0,8200,1
Gang-Steals\14\Game_20190309T143839.slp,1.7.1,28,2,9 0,5967,1
Gang-Steals\14\Game_20190309T144053.slp,1.7.1,31,2,20 0,8247,1
Gang-Steals\14\Game_20190309T144336.slp,1.7.1,2,2,20 0,6453,1
Gang-Steals\14\Game_20190309T145957.slp,1.7.1,31,2,2 9,9946,1
Gang-Steals\14\Game_20190309T150307.slp,1.7.1,32,2,2 9,6770,1
Gang-Steals\14\Game_20190309T150543.slp,1.7.1,31,2,2 9,7629,1
Gang-Steals\14\Game_20190309T150828.slp,1.7.1,8,2,2 9,4015,1
Gang-Steals\14\Game_20190309T150952.slp,1.7.1,8,2,2 9,11331,1
Gang-Steals\14\Game_20190309T151342.slp,1.7.1,3,2,2 9,34976,1
Gang-Steals\14\Game_20190309T152555.slp,1.7.1,3,2,2 2,12156,1
Gang-Steals\14\Game_20190309T152933.slp,1.7.1,8,2,2 2,8900,1
Gang-Steals\14\Game_20190309T153216.slp,1.7.1,2,2,2 2,11650,1
Gang-Steals\14\Game_20190309T153546.slp,1.7.1,8,2,2 2,8622,1
Gang-Steals\14\Game_20190309T153826.slp,1.7.1,31,2,2 2,12862,1
Gang-Steals\14\Game_20190309T154219.slp,1.7.1,3,2,2 2,12091,1
Gang-Steals\14\Game_20190309T154605.slp,1.7.1,32,2,2 2,10817,1
Gang-Steals\14\Game_20190309T154933.slp,1.7.1,28,2,2 2,13927,1
Gang-Steals\14\Game_20190309T155344.slp,1.7.1,31,2,2 2,12805,1
Gang-Steals\14\Game_20190309T155906.slp,1.7.1,28,2,2 14,1791,1
Gang-Steals\14\Game_20190309T160319.slp,1.7.1,8,2,2 0,2583,1
Gang-Steals\14\Game_20190309T160448.slp,1.7.1,28,2,20 0,7118,1
Gang-Steals\14\Game_20190309T160707.slp,1.7.1,8,2,20 0,8819,1
Gang-Steals\14\Game_20190309T161044.slp,1.7.1,31,2,9 19,11047,1
Gang-Steals\14\Game_20190309T161402.slp,1.7.1,8,2,9 19,7005,1
Gang-Steals\14\Game_20190309T162025.slp,1.7.1,32,2,12 0,8065,1
Gang-Steals\14\Game_20190309T162257.slp,1.7.1,8,2,12 0,9844,1
Gang-Steals\14\Game_20190309T163307.slp,1.7.1,32,2,2 2,6831,1
Gang-Steals\14\Game_20190309T163519.slp,1.7.1,31,2,2 2,3590,1
Gang-Steals\14\Game_20190309T163702.slp,1.7.1,31,2,2 2,3952,1
Gang-Steals\14\Game_20190309T164024.slp,1.7.1,31,2,2 2,7600,1
Gang-Steals\14\Game_20190309T164246.slp,1.7.1,31,2,2 2,10744,1
Gang-Steals\14\Game_20190309T164602.slp,1.7.1,31,2,2 2,9820,1
Gang-Steals\14\Game_20190309T170007.slp,1.7.1,31,2,2 2,3273,1
Gang-Steals\14\Game_20190309T170120.slp,1.7.1,31,2,2 2,1166,1
Gang-Steals\14\Game_20190309T170155.slp,1.7.1,31,2,2 2,10143,1
Gang-Steals\14\Game_20190309T170459.slp,1.7.1,32,2,2 2,8131,1
Gang-Steals\14\Game_20190309T170732.slp,1.7.1,8,2,2 2,9262,1
Gang-Steals\14\Game_20190309T171021.slp,1.7.1,2,2,2 2,11715,1
Gang-Steals\14\Game_20190309T171904.slp,1.7.1,32,2,20 0,9976,1
Gang-Steals\14\Game_20190309T172238.slp,1.7.1,31,2,20 0,8854,1
Gang-Steals\14\Game_20190309T172523.slp,1.7.1,31,2,20 0,8556,1
Gang-Steals\14\Game_20190309T174759.slp,1.7.1,31,2,19 2,9395,1
Gang-Steals\14\Game_20190309T175100.slp,1.7.1,31,2,19 2,10813,1
Gang-Steals\14\Game_20190309T175423.slp,1.7.1,31,2,19 2,9526,1
Gang-Steals\14\Game_20190309T175732.slp,1.7.1,31,2,19 2,7561,1
Gang-Steals\14\Game_20190309T175956.slp,1.7.1,31,2,19 2,7915,1
Gang-Steals\14\Game_20190309T181140.slp,1.7.1,8,2,3 20,9832,1
Gang-Steals\14\Game_20190309T181441.slp,1.7.1,2,2,3 20,9268,1
Gang-Steals\14\Game_20190309T181802.slp,1.7.1,32,2,3 20,7838,1
Gang-Steals\14\Game_20190309T182028.slp,1.7.1,31,2,3 20,12654,1
Gang-Steals\14\Game_20190309T183639.slp,1.7.1,31,2,20 2,2503,1
Gang-Steals\14\Game_20190309T183857.slp,1.7.1,31,2,2 2,138,1
Gang-Steals\14\Game_20190309T184121.slp,1.7.1,31,2,2 9,4955,1
Gang-Steals\14\Game_20190309T184308.slp,1.7.1,8,2,2 9,8428,1
Gang-Steals\14\Game_20190309T184557.slp,1.7.1,31,2,2 9,10860,1
Gang-Steals\14\Game_20190309T184947.slp,1.7.1,2,2,2 9,11196,1
Gang-Steals\14\Game_20190309T185322.slp,1.7.1,28,2,2 9,13425,1
Gang-Steals\14\Game_20190309T190326.slp,1.7.1,28,2,14 9,16031,1
Gang-Steals\14\Game_20190309T190816.slp,1.7.1,2,2,14 9,11400,1
Gang-Steals\14\Game_20190309T191140.slp,1.7.1,32,2,14 9,14896,1
Gang-Steals\14\Game_20190309T191615.slp,1.7.1,3,2,14 9,20810,1
Gang-Steals\14\Game_20190309T193432.slp,1.7.1,8,2,20 9,875,1
Gang-Steals\14\Game_20190309T193509.slp,1.7.1,31,2,20 9,944,1
Gang-Steals\14\Game_20190309T193541.slp,1.7.1,8,2,20 9,10000,1
Gang-Steals\14\Game_20190309T193844.slp,1.7.1,32,2,20 9,12440,1
Gang-Steals\14\Game_20190309T194225.slp,1.7.1,28,2,20 9,14239,1
Gang-Steals\14\Game_20190309T194642.slp,1.7.1,2,2,20 9,9701,1
Gang-Steals\14\Game_20190309T195049.slp,1.7.1,8,2,20 9,7707,1
Gang-Steals\15\Game_20190309T082825.slp,1.7.1,32,2,14 9,2,1
Gang-Steals\15\Game_20190309T082855.slp,1.7.1,2,2,14 9,5870,1
Gang-Steals\15\Game_20190309T083046.slp,1.7.1,31,2,14 9,13983,1
Gang-Steals\15\Game_20190309T083500.slp,1.7.1,3,2,14 9,16496,1
Gang-Steals\15\Game_20190309T084028.slp,1.7.1,28,2,14 9,11677,1
Gang-Steals\15\Game_20190309T084500.slp,1.7.1,8,2,14 9,7302,1
Gang-Steals\15\Game_20190309T085820.slp,1.7.1,31,2,20 2,5915,1
Gang-Steals\15\Game_20190309T090014.slp,1.7.1,8,2,20 2,5544,1
Gang-Steals\15\Game_20190309T090204.slp,1.7.1,28,2,20 0,5187,1
Gang-Steals\15\Game_20190309T090421.slp,1.7.1,3,2,20 20,5209,1
Gang-Steals\15\Game_20190309T090602.slp,1.7.1,2,2,20 20,7734,1
Gang-Steals\15\Game_20190309T090827.slp,1.7.1,3,2,20 20,6835,1
Gang-Steals\15\Game_20190309T091037.slp,1.7.1,2,2,20 20,9332,1
Gang-Steals\15\Game_20190309T091329.slp,1.7.1,8,2,20 20,9433,1
Gang-Steals\15\Game_20190309T091625.slp,1.7.1,31,2,20 20,6,1
Gang-Steals\15\Game_20190309T091643.slp,1.7.1,32,2,20 19,8755,1
Gang-Steals\15\Game_20190309T091927.slp,1.7.1,28,2,20 19,13172,1
Gang-Steals\15\Game_20190309T092320.slp,1.7.1,8,2,20 19,10259,1
Gang-Steals\15\Game_20190309T092622.slp,1.7.1,32,2,20 19,2763,1
Gang-Steals\15\Game_20190309T092814.slp,1.7.1,31,2,19 9,9891,1
Gang-Steals\15\Game_20190309T093114.slp,1.7.1,8,2,19 9,11963,1
Gang-Steals\15\Game_20190309T093835.slp,1.7.1,31,2,2 15,2835,1
Gang-Steals\15\Game_20190309T093942.slp,1.7.1,3,2,9 15,6609,1
Gang-Steals\15\Game_20190309T094541.slp,1.7.1,31,2,15 20,10438,1
Gang-Steals\15\Game_20190309T094913.slp,1.7.1,31,2,15 20,7661,1
Gang-Steals\15\Game_20190309T095343.slp,1.7.1,28,2,9 20,11629,1
Gang-Steals\15\Game_20190309T095713.slp,1.7.1,31,2,9 20,9468,1
Gang-Steals\15\Game_20190309T100005.slp,1.7.1,2,2,9 20,7779,1
Gang-Steals\15\Game_20190309T100238.slp,1.7.1,3,2,9 20,9964,1
Gang-Steals\15\Game_20190309T100605.slp,1.7.1,8,2,9 20,9504,1
Gang-Steals\15\Game_20190309T100905.slp,1.7.1,32,2,9 20,11534,1
Gang-Steals\15\Game_20190309T101235.slp,1.7.1,2,2,9 20,6138,1
Gang-Steals\15\Game_20190309T101435.slp,1.7.1,3,2,9 20,10164,1
Gang-Steals\15\Game_20190309T101741.slp,1.7.1,31,2,9 20,4219,1
Gang-Steals\15\Game_20190309T102505.slp,1.7.1,31,2,9 20,7033,1
Gang-Steals\15\Game_20190309T102717.slp,1.7.1,31,2,9 20,383,1
Gang-Steals\15\Game_20190309T102739.slp,1.7.1,31,2,9 20,5031,1
Gang-Steals\15\Game_20190309T102924.slp,1.7.1,28,2,9 20,5900,1
Gang-Steals\15\Game_20190309T103319.slp,1.7.1,31,2,20 9,6448,1
Gang-Steals\15\Game_20190309T103527.slp,1.7.1,3,2,19 9,7294,1
Gang-Steals\15\Game_20190309T104050.slp,1.7.1,31,2,7 19,14797,1
Gang-Steals\15\Game_20190309T104516.slp,1.7.1,8,2,7 19,12595,1
Gang-Steals\15\Game_20190309T105353.slp,1.7.1,32,2,2 2,697,1
Gang-Steals\15\Game_20190309T105453.slp,1.7.1,31,2,9 19,8343,1
Gang-Steals\15\Game_20190309T105728.slp,1.7.1,31,2,9 19,7717,1
Gang-Steals\15\Game_20190309T110120.slp,1.7.1,31,2,20 20,7419,1
Gang-Steals\15\Game_20190309T110340.slp,1.7.1,3,2,20 20,7232,1
Gang-Steals\15\Game_20190309T110710.slp,1.7.1,31,2,9 12,7040,1
Gang-Steals\15\Game_20190309T110923.slp,1.7.1,32,2,9 12,13174,1
Gang-Steals\15\Game_20190309T111426.slp,1.7.1,2,2,2 9,15869,1
Gang-Steals\15\Game_20190309T112045.slp,1.7.1,31,2,2 14,1167,1
Gang-Steals\15\Game_20190309T112125.slp,1.7.1,31,2,14 9,3774,1
Gang-Steals\15\Game_20190309T112302.slp,1.7.1,28,2,14 9,14213,1
Gang-Steals\15\Game_20190309T112729.slp,1.7.1,28,2,14 9,12333,1
Gang-Steals\15\Game_20190309T113334.slp,1.7.1,2,2,12 19,13072,1
Gang-Steals\15\Game_20190309T113739.slp,1.7.1,3,2,12 19,6479,1
Gang-Steals\15\Game_20190309T114315.slp,1.7.1,3,2,12 19,11000,1
Gang-Steals\15\Game_20190309T114916.slp,1.7.1,31,2,9 19,15331,1
Gang-Steals\15\Game_20190309T115409.slp,1.7.1,8,2,9 19,13720,1
Gang-Steals\15\Game_20190309T120057.slp,1.7.1,31,2,7 19,12410,1
Gang-Steals\15\Game_20190309T120444.slp,1.7.1,28,2,7 19,12371,1
Gang-Steals\15\Game_20190309T120839.slp,1.7.1,28,2,7 19,12311,1
Gang-Steals\15\Game_20190309T121518.slp,1.7.1,31,4,20 12 2 2,10652,1
Gang-Steals\15\Game_20190309T121852.slp,1.7.1,32,4,20 12 2 2,11966,1
Gang-Steals\15\Game_20190309T122302.slp,1.7.1,8,4,20 12 2 2,9672,1
Gang-Steals\15\Game_20190309T123324.slp,1.7.1,31,4,0 2 12 15,10497,1
Gang-Steals\15\Game_20190309T123700.slp,1.7.1,31,4,0 2 12 15,11670,1
Gang-Steals\15\Game_20190309T124047.slp,1.7.1,3,4,0 2 12 15,7983,1
Gang-Steals\15\Game_20190309T124657.slp,1.7.1,28,4,14 19 25 2,2477,1
Gang-Steals\15\Game_20190309T124756.slp,1.7.1,28,4,14 19 25 2,14070,1
Gang-Steals\15\Game_20190309T125224.slp,1.7.1,3,4,14 19 25 2,13691,1
Gang-Steals\15\Game_20190309T132922.slp,1.7.1,31,2,2 20,6457,1
Gang-Steals\15\Game_20190309T133130.slp,1.7.1,3,2,2 20,5153,1
Gang-Steals\15\Game_20190309T133313.slp,1.7.1,8,2,2 20,7286,1
Gang-Steals\15\Game_20190309T133528.slp,1.7.1,32,2,2 20,4066,1
Gang-Steals\15\Game_20190309T133659.slp,1.7.1,31,2,19 20,8423,1
Gang-Steals\15\Game_20190309T133942.slp,1.7.1,8,2,19 20,9322,1
Gang-Steals\15\Game_20190309T134233.slp,1.7.1,3,2,19 20,12136,1
Gang-Steals\15\Game_20190309T134612.slp,1.7.1,2,2,19 20,6715,1
Gang-Steals\15\Game_20190309T134953.slp,1.7.1,32,2,20 20,4840,1
Gang-Steals\15\Game_20190309T135131.slp,1.7.1,8,2,20 20,4837,1
Gang-Steals\15\Game_20190309T135315.slp,1.7.1,28,2,20 2,8375,1
Gang-Steals\15\Game_20190309T135550.slp,1.7.1,32,2,20 0,7787,1
Gang-Steals\15\Game_20190309T135814.slp,1.7.1,32,2,20 0,8707,1
Gang-Steals\15\Game_20190309T140057.slp,1.7.1,3,2,20 0,8377,1
Gang-Steals\15\Game_20190309T140331.slp,1.7.1,2,2,20 0,7645,1
Gang-Steals\15\Game_20190309T140557.slp,1.7.1,8,2,2 0,10352,1
Gang-Steals\15\Game_20190309T140905.slp,1.7.1,28,2,2 0,7821,1
Gang-Steals\15\Game_20190309T141129.slp,1.7.1,31,2,2 0,10455,1
Gang-Steals\15\Game_20190309T141439.slp,1.7.1,31,2,2 0,12988,1
Gang-Steals\15\Game_20190309T141833.slp,1.7.1,8,2,2 20,10620,1
Gang-Steals\15\Game_20190309T142230.slp,1.7.1,3,2,9 20,14160,1
Gang-Steals\15\Game_20190309T142643.slp,1.7.1,2,2,9 20,10327,1
Gang-Steals\15\Game_20190309T142951.slp,1.7.1,32,2,9 20,12933,1
Gang-Steals\15\Game_20190309T143347.slp,1.7.1,28,2,9 19,12214,1
Gang-Steals\15\Game_20190309T143731.slp,1.7.1,3,2,19 20,13782,1
Gang-Steals\15\Game_20190309T144221.slp,1.7.1,28,2,9 14,14028,1
Gang-Steals\15\Game_20190309T144639.slp,1.7.1,2,2,19 14,18154,1
Gang-Steals\15\Game_20190309T145223.slp,1.7.1,31,2,14 2,11658,1
Gang-Steals\15\Game_20190309T145606.slp,1.7.1,3,2,14 2,6484,1
Gang-Steals\15\Game_20190309T150026.slp,1.7.1,31,2,20 12,8369,1
Gang-Steals\15\Game_20190309T150310.slp,1.7.1,2,2,20 12,12577,1
Gang-Steals\15\Game_20190309T151109.slp,1.7.1,31,2,20 9,9605,1
Gang-Steals\15\Game_20190309T151413.slp,1.7.1,28,2,20 9,16390,1
Gang-Steals\15\Game_20190309T153609.slp,1.7.1,28,2,20 2,10816,1
Gang-Steals\15\Game_20190309T153924.slp,1.7.1,31,2,20 2,6266,1
Gang-Steals\15\Game_20190309T154131.slp,1.7.1,8,2,2 2,9238,1
Gang-Steals\15\Game_20190309T154425.slp,1.7.1,32,2,2 2,10268,1
Gang-Steals\15\Game_20190309T154735.slp,1.7.1,32,2,2 2,9629,1
Gang-Steals\15\Game_20190309T160948.slp,1.7.1,31,2,0 15,5859,1
Gang-Steals\15\Game_20190309T161144.slp,1.7.1,31,2,15 0,2328,1
Gang-Steals\15\Game_20190309T161327.slp,1.7.1,31,2,14 15,2805,1
Gang-Steals\15\Game_20190309T161428.slp,1.7.1,31,2,14 15,28800,1
Gang-Steals\15\Game_20190309T162251.slp,1.7.1,32,2,14 15,18261,1
Gang-Steals\15\Game_20190309T162826.slp,1.7.1,28,2,14 15,28800,1
Gang-Steals\15\Game_20190309T163706.slp,1.7.1,3,2,14 15,28800,1
Gang-Steals\15\Game_20190309T164804.slp,1.7.1,31,2,20 2,5632,1
Gang-Steals\15\Game_20190309T165204.slp,1.7.1,8,2,20 20,10040,1
Gang-Steals\15\Game_20190309T165511.slp,1.7.1,32,2,20 20,7341,1
Gang-Steals\15\Game_20190309T165817.slp,1.7.1,32,2,20 20,8514,1
Gang-Steals\15\Game_20190309T170135.slp,1.7.1,8,2,20 20,11587,1
Gang-Steals\15\Game_20190309T170518.slp,1.7.1,28,2,20 20,10031,1
Gang-Steals\15\Game_20190309T170826.slp,1.7.1,2,2,20 20,7496,1
Gang-Steals\15\Game_20190309T171049.slp,1.7.1,3,2,20 20,7727,1
Gang-Steals\15\Game_20190309T171316.slp,1.7.1,31,2,20 20,13086,1
Gang-Steals\15\Game_20190309T171723.slp,1.7.1,2,2,20 20,8637,1
Gang-Steals\15\Game_20190309T172011.slp,1.7.1,32,2,20 20,10865,1
Gang-Steals\15\Game_20190309T172339.slp,1.7.1,31,2,20 20,10599,1
Gang-Steals\15\Game_20190309T172657.slp,1.7.1,8,2,20 20,3040,1
Gang-Steals\15\Game_20190309T172818.slp,1.7.1,31,2,2 20,9250,1
Gang-Steals\16\Game_20190309T072912.slp,1.7.1,3,2,20 25,13606,1
Gang-Steals\16\Game_20190309T073316.slp,1.7.1,8,2,20 25,4343,1
Gang-Steals\16\Game_20190309T073443.slp,1.7.1,28,2,20 25,8856,1
Gang-Steals\16\Game_20190309T073720.slp,1.7.1,31,2,20 25,3685,1
Gang-Steals\16\Game_20190309T073834.slp,1.7.1,31,2,20 25,14632,1
Gang-Steals\16\Game_20190309T074452.slp,1.7.1,32,2,20 25,2093,1
Gang-Steals\16\Game_20190309T074538.slp,1.7.1,2,2,20 25,23672,1
Gang-Steals\16\Game_20190309T075318.slp,1.7.1,31,2,20 19,7250,1
Gang-Steals\16\Game_20190309T075542.slp,1.7.1,3,2,20 19,9428,1
Gang-Steals\16\Game_20190309T075836.slp,1.7.1,8,2,20 19,9630,1
Gang-Steals\16\Game_20190309T080132.slp,1.7.1,28,2,20 19,6833,1
Gang-Steals\16\Game_20190309T080409.slp,1.7.1,32,2,20 19,6992,1
Gang-Steals\16\Game_20190309T080625.slp,1.7.1,2,2,20 19,9628,1
Gang-Steals\16\Game_20190309T080934.slp,1.7.1,28,2,20 19,9963,1
Gang-Steals\16\Game_20190309T081247.slp,1.7.1,2,2,20 19,13498,1
Gang-Steals\16\Game_20190309T081647.slp,1.7.1,31,2,20 19,7443,1
Gang-Steals\16\Game_20190309T082052.slp,1.7.1,32,2,19 2,11183,1
Gang-Steals\16\Game_20190309T082416.slp,1.7.1,3,2,19 2,9010,1
Gang-Steals\16\Game_20190309T082703.slp,1.7.1,8,2,19 2,11589,1
Gang-Steals\16\Game_20190309T083032.slp,1.7.1,2,2,19 2,15972,1
Gang-Steals\16\Game_20190309T083516.slp,1.7.1,32,2,19 2,7862,1
Gang-Steals\16\Game_20190309T083745.slp,1.7.1,31,2,19 2,10538,1
Gang-Steals\16\Game_20190309T084112.slp,1.7.1,8,2,19 9,8392,1
Gang-Steals\16\Game_20190309T084354.slp,1.7.1,28,2,19 9,6522,1
Gang-Steals\16\Game_20190309T084557.slp,1.7.1,3,2,19 9,7653,1
Gang-Steals\16\Game_20190309T085958.slp,1.7.1,32,2,19 2,10714,1
Gang-Steals\16\Game_20190309T090312.slp,1.7.1,3,2,19 2,12824,1
Gang-Steals\16\Game_20190309T090703.slp,1.7.1,8,2,19 2,4602,1
Gang-Steals\16\Game_20190309T090959.slp,1.7.1,31,2,2 22,2710,1
Gang-Steals\16\Game_20190309T091058.slp,1.7.1,31,2,2 22,9040,1
Gang-Steals\16\Game_20190309T091359.slp,1.7.1,3,2,9 22,9244,1
Gang-Steals\16\Game_20190309T091929.slp,1.7.1,31,2,20 14,1963,1
Gang-Steals\16\Game_20190309T092030.slp,1.7.1,31,2,20 14,12392,1
Gang-Steals\16\Game_20190309T092422.slp,1.7.1,3,2,0 14,12255,1
Gang-Steals\16\Game_20190309T092958.slp,1.7.1,28,2,2 2,12492,1
Gang-Steals\16\Game_20190309T093340.slp,1.7.1,2,2,2 25,9834,1
Gang-Steals\16\Game_20190309T093832.slp,1.7.1,31,2,20 20,6446,1
Gang-Steals\16\Game_20190309T094035.slp,1.7.1,28,2,20 20,8671,1
Gang-Steals\16\Game_20190309T094314.slp,1.7.1,8,2,20 20,3694,1
Gang-Steals\16\Game_20190309T094540.slp,1.7.1,2,2,15 9,13491,1
Gang-Steals\16\Game_20190309T094943.slp,1.7.1,31,2,15 9,8694,1
Gang-Steals\16\Game_20190309T095346.slp,1.7.1,32,2,20 9,1526,1
Gang-Steals\16\Game_20190309T095505.slp,1.7.1,31,2,9 19,9565,1
Gang-Steals\16\Game_20190309T095800.slp,1.7.1,8,2,9 19,10625,1
Gang-Steals\16\Game_20190309T100153.slp,1.7.1,31,2,20 19,11524,1
Gang-Steals\16\Game_20190309T100523.slp,1.7.1,8,2,20 19,11487,1
Gang-Steals\16\Game_20190309T100850.slp,1.7.1,3,2,20 19,17135,1
Gang-Steals\16\Game_20190309T101508.slp,1.7.1,31,2,20 9,6593,1
Gang-Steals\16\Game_20190309T101712.slp,1.7.1,3,2,20 9,8870,1
Gang-Steals\16\Game_20190309T102810.slp,1.7.1,31,2,16 9,4942,1
Gang-Steals\16\Game_20190309T102950.slp,1.7.1,31,2,16 9,11096,1
Gang-Steals\16\Game_20190309T103326.slp,1.7.1,8,2,16 9,7035,1
Gang-Steals\16\Game_20190309T103844.slp,1.7.1,31,2,19 9,12634,1
Gang-Steals\16\Game_20190309T104235.slp,1.7.1,28,2,19 9,17864,1
Gang-Steals\16\Game_20190309T105110.slp,1.7.1,31,2,19 20,8901,1
Gang-Steals\16\Game_20190309T105355.slp,1.7.1,3,2,19 20,13960,1
Gang-Steals\16\Game_20190309T110002.slp,1.7.1,31,2,8 9,10517,1
Gang-Steals\16\Game_20190309T110317.slp,1.7.1,31,2,8 9,10858,1
Gang-Steals\16\Game_20190309T110830.slp,1.7.1,31,2,18 20,3499,1
Gang-Steals\16\Game_20190309T111000.slp,1.7.1,31,2,19 20,11914,1
Gang-Steals\16\Game_20190309T111337.slp,1.7.1,32,2,12 20,13870,1
Gang-Steals\16\Game_20190309T111751.slp,1.7.1,3,2,12 20,16754,1
Gang-Steals\16\Game_20190309T112523.slp,1.7.1,31,2,14 15,11870,1
Gang-Steals\16\Game_20190309T112859.slp,1.7.1,30,2,14 15,1443,1
Gang-Steals\16\Game_20190309T112937.slp,1.7.1,2,2,14 15,16762,1
Gang-Steals\16\Game_20190309T113736.slp,1.7.1,31,2,15 18,5253,1
Gang-Steals\16\Game_20190309T113923.slp,1.7.1,3,2,15 19,3567,1
Gang-Steals\16\Game_20190309T114208.slp,1.7.1,3,2,15 19,16577,1
Gang-Steals\16\Game_20190309T114703.slp,1.7.1,28,2,15 19,13315,1
Gang-Steals\16\Game_20190309T115413.slp,1.7.1,31,2,2 7,15152,1
Gang-Steals\16\Game_20190309T115852.slp,1.7.1,31,2,2 15,10931,1
Gang-Steals\16\Game_20190309T120216.slp,1.7.1,3,2,2 15,9680,1
Gang-Steals\16\Game_20190309T122504.slp,1.7.1,3,4,2 20 13 8,9469,1
Gang-Steals\16\Game_20190309T122815.slp,1.7.1,32,4,2 20 2 8,11473,1
Gang-Steals\16\Game_20190309T123512.slp,1.7.1,2,2,9 2,6050,1
Gang-Steals\16\Game_20190309T123832.slp,1.7.1,28,4,9 14 9 2,8131,1
Gang-Steals\16\Game_20190309T124105.slp,1.7.1,32,4,9 14 9 2,6604,1
Gang-Steals\16\Game_20190309T124331.slp,1.7.1,3,2,9 2,28800,1
Gang-Steals\16\Game_20190309T130525.slp,1.7.1,31,2,9 2,1851,1
Gang-Steals\16\Game_20190309T130705.slp,1.7.1,31,4,12 13 22 19,11518,1
Gang-Steals\16\Game_20190309T131042.slp,1.7.1,32,4,12 13 22 19,10741,1
Gang-Steals\16\Game_20190309T131606.slp,1.7.1,31,4,12 19 20 19,12003,1
Gang-Steals\16\Game_20190309T131949.slp,1.7.1,31,4,12 19 20 19,9313,1
Gang-Steals\16\Game_20190309T132438.slp,1.7.1,32,2,20 2,8993,1
Gang-Steals\16\Game_20190309T132723.slp,1.7.1,8,2,20 2,5826,1
Gang-Steals\16\Game_20190309T132919.slp,1.7.1,28,2,20 2,9549,1
Gang-Steals\16\Game_20190309T133213.slp,1.7.1,31,2,20 2,8421,1
Gang-Steals\16\Game_20190309T133447.slp,1.7.1,8,2,20 2,5044,1
Gang-Steals\16\Game_20190309T133722.slp,1.7.1,3,2,0 20,8420,1
Gang-Steals\16\Game_20190309T134056.slp,1.7.1,28,2,0 20,9391,1
Gang-Steals\16\Game_20190309T134352.slp,1.7.1,2,2,0 20,8096,1
Gang-Steals\16\Game_20190309T134626.slp,1.7.1,32,2,0 20,15294,1
Gang-Steals\16\Game_20190309T135056.slp,1.7.1,3,2,0 20,9792,1
Gang-Steals\16\Game_20190309T135359.slp,1.7.1,32,2,0 20,10145,1
Gang-Steals\16\Game_20190309T135721.slp,1.7.1,8,2,0 20,7027,1
Gang-Steals\16\Game_20190309T135959.slp,1.7.1,28,2,0 20,8666,1
Gang-Steals\16\Game_20190309T140302.slp,1.7.1,2,2,0 20,2714,1
Gang-Steals\16\Game_20190309T140449.slp,1.7.1,31,2,20 20,5989,1
Gang-Steals\16\Game_20190309T140646.slp,1.7.1,2,2,20 20,6408,1
Gang-Steals\16\Game_20190309T140848.slp,1.7.1,8,2,20 20,8764,1
Gang-Steals\16\Game_20190309T141139.slp,1.7.1,28,2,20 20,6478,1
Gang-Steals\16\Game_20190309T141340.slp,1.7.1,32,2,20 20,2126,1
Gang-Steals\16\Game_20190309T141445.slp,1.7.1,3,2,20 20,9093,1
Gang-Steals\16\Game_20190309T141731.slp,1.7.1,31,2,20 20,8719,1
Gang-Steals\16\Game_20190309T142021.slp,1.7.1,28,2,20 20,8666,1
Gang-Steals\16\Game_20190309T142302.slp,1.7.1,3,2,20 20,12581,1
Gang-Steals\16\Game_20190309T142800.slp,1.7.1,31,2,19 20,5168,1
Gang-Steals\16\Game_20190309T142946.slp,1.7.1,2,2,19 9,12379,1
Gang-Steals\16\Game_20190309T143332.slp,1.7.1,32,2,19 9,8336,1
Gang-Steals\16\Game_20190309T143613.slp,1.7.1,8,2,20 9,6981,1
Gang-Steals\16\Game_20190309T143829.slp,1.7.1,31,2,19 20,7782,1
Gang-Steals\16\Game_20190309T144055.slp,1.7.1,31,2,19 9,7805,1
Gang-Steals\16\Game_20190309T144325.slp,1.7.1,3,2,20 9,10559,1
Gang-Steals\16\Game_20190309T144653.slp,1.7.1,32,2,20 9,8294,1
Gang-Steals\16\Game_20190309T145408.slp,1.7.1,31,2,20 2,11558,1
Gang-Steals\16\Game_20190309T145737.slp,1.7.1,3,2,20 2,10442,1
Gang-Steals\16\Game_20190309T150238.slp,1.7.1,8,2,9 15,2580,1
Gang-Steals\16\Game_20190309T150342.slp,1.7.1,31,2,9 15,13453,1
Gang-Steals\16\Game_20190309T150744.slp,1.7.1,8,2,9 15,14688,1
Gang-Steals\16\Game_20190309T151415.slp,1.7.1,31,2,20 15,1995,1
Gang-Steals\16\Game_20190309T151509.slp,1.7.1,31,2,20 15,11976,1
Gang-Steals\16\Game_20190309T151845.slp,1.7.1,3,2,20 15,14912,1
Gang-Steals\16\Game_20190309T152707.slp,1.7.1,2,2,9 19,13858,1
Gang-Steals\16\Game_20190309T153116.slp,1.7.1,2,2,9 19,18069,1
Gang-Steals\16\Game_20190309T153652.slp,1.7.1,31,2,9 19,10927,1
Gang-Steals\16\Game_20190309T154206.slp,1.7.1,31,2,15 19,3089,1
Gang-Steals\16\Game_20190309T154319.slp,1.7.1,31,2,15 19,19117,1
Gang-Steals\16\Game_20190309T154852.slp,1.7.1,8,2,15 19,10984,1
Gang-Steals\16\Game_20190309T155212.slp,1.7.1,28,2,15 19,20515,1
Gang-Steals\16\Game_20190309T155813.slp,1.7.1,3,2,15 19,18982,1
Gang-Steals\16\Game_20190309T160347.slp,1.7.1,32,2,15 19,17854,1
Gang-Steals\16\Game_20190309T161601.slp,1.7.1,31,2,12 18,66,1
Gang-Steals\16\Game_20190309T161640.slp,1.7.1,31,2,12 3,12422,1
Gang-Steals\16\Game_20190309T162024.slp,1.7.1,28,2,12 3,24087,1
Gang-Steals\16\Game_20190309T162724.slp,1.7.1,28,2,12 3,17305,1
Gang-Steals\16\Game_20190309T163521.slp,1.7.1,28,2,19 2,2234,1
Gang-Steals\16\Game_20190309T163718.slp,1.7.1,32,2,3 0,273,1
Gang-Steals\16\Game_20190309T163746.slp,1.7.1,28,2,3 0,2399,1
Gang-Steals\16\Game_20190309T163845.slp,1.7.1,28,2,3 0,7595,1
Gang-Steals\16\Game_20190309T164113.slp,1.7.1,3,2,3 0,9848,1
Gang-Steals\16\Game_20190309T164421.slp,1.7.1,31,2,3 0,9429,1
Gang-Steals\16\Game_20190309T164715.slp,1.7.1,2,2,3 0,11164,1
Gang-Steals\16\Game_20190309T165147.slp,1.7.1,3,2,2 15,10621,1
Gang-Steals\16\Game_20190309T165515.slp,1.7.1,28,2,9 15,5756,1
Gang-Steals\16\Game_20190309T165709.slp,1.7.1,2,2,19 15,11558,1
Gang-Steals\16\Game_20190309T170059.slp,1.7.1,8,2,19 15,7824,1
Gang-Steals\16\Game_20190309T170411.slp,1.7.1,31,2,2 15,6249,1
Gang-Steals\16\Game_20190309T170617.slp,1.7.1,8,2,2 15,5838,1
Gang-Steals\16\Game_20190309T170812.slp,1.7.1,28,2,2 2,6299,1
Gang-Steals\16\Game_20190309T171023.slp,1.7.1,31,2,2 2,10370,1
Gang-Steals\16\Game_20190309T171343.slp,1.7.1,2,2,2 2,10403,1
Gang-Steals\16\Game_20190309T171713.slp,1.7.1,32,2,12 0,10760,1
Gang-Steals\16\Game_20190309T172034.slp,1.7.1,3,2,12 0,5181,1
Gang-Steals\17\Game_20190309T093213.slp,1.7.1,31,2,20 0,5033,1
Gang-Steals\17\Game_20190309T093351.slp,1.7.1,28,2,20 0,7523,1
Gang-Steals\17\Game_20190309T093614.slp,1.7.1,31,2,20 2,8665,1
Gang-Steals\17\Game_20190309T093902.slp,1.7.1,8,2,8 13,11706,1
Gang-Steals\17\Game_20190309T094232.slp,1.7.1,2,2,8 13,10737,1
Gang-Steals\17\Game_20190309T094546.slp,1.7.1,3,2,8 13,7348,1
Gang-Steals\17\Game_20190309T095704.slp,1.7.1,31,2,2 2,11596,1
Gang-Steals\17\Game_20190309T100037.slp,1.7.1,31,2,2 25,8968,1
Gang-Steals\17\Game_20190309T100331.slp,1.7.1,3,2,2 25,13606,1
Gang-Steals\17\Game_20190309T101020.slp,1.7.1,2,2,19 2,6531,1
Gang-Steals\17\Game_20190309T101225.slp,1.7.1,8,2,19 25,5499,1
Gang-Steals\17\Game_20190309T101608.slp,1.7.1,31,2,2 25,7451,1
Gang-Steals\17\Game_20190309T102242.slp,1.7.1,31,2,20 20,5883,1
Gang-Steals\17\Game_20190309T102436.slp,1.7.1,28,2,20 20,8815,1
Gang-Steals\17\Game_20190309T102951.slp,1.7.1,28,2,12 2,912,1
Gang-Steals\17\Game_20190309T103021.slp,1.7.1,28,2,12 2,12371,1
Gang-Steals\17\Game_20190309T103415.slp,1.7.1,8,2,12 2,5974,1
Gang-Steals\17\Game_20190309T103813.slp,1.7.1,3,2,2 0,11716,1
Gang-Steals\17\Game_20190309T104255.slp,1.7.1,31,2,0 22,7812,1
Gang-Steals\17\Game_20190309T104519.slp,1.7.1,3,2,0 22,9201,1
Gang-Steals\17\Game_20190309T105005.slp,1.7.1,31,2,20 22,11833,1
Gang-Steals\17\Game_20190309T105345.slp,1.7.1,2,2,20 22,13662,1
Gang-Steals\17\Game_20190309T105954.slp,1.7.1,31,2,0 0,7682,1
Gang-Steals\17\Game_20190309T110219.slp,1.7.1,2,2,0 0,4116,1
Gang-Steals\17\Game_20190309T110343.slp,1.7.1,28,2,0 0,9086,1
Gang-Steals\17\Game_20190309T110932.slp,1.7.1,8,2,9 15,12442,1
Gang-Steals\17\Game_20190309T111323.slp,1.7.1,31,2,9 15,9889,1
Gang-Steals\17\Game_20190309T111623.slp,1.7.1,32,2,9 15,7016,1
Gang-Steals\17\Game_20190309T111839.slp,1.7.1,31,2,20 15,1294,1
Gang-Steals\17\Game_20190309T111919.slp,1.7.1,2,2,20 21,8319,1
Gang-Steals\17\Game_20190309T112152.slp,1.7.1,8,2,20 21,11718,1
Gang-Steals\17\Game_20190309T112550.slp,1.7.1,31,2,20 20,9766,1
Gang-Steals\17\Game_20190309T112851.slp,1.7.1,3,2,20 20,9609,1
Gang-Steals\17\Game_20190309T113449.slp,1.7.1,31,2,7 9,10100,1
Gang-Steals\17\Game_20190309T113752.slp,1.7.1,8,2,7 9,9966,1
Gang-Steals\17\Game_20190309T114058.slp,1.7.1,8,2,7 9,10850,1
Gang-Steals\17\Game_20190309T114608.slp,1.7.1,31,2,19 2,12722,1
Gang-Steals\17\Game_20190309T114958.slp,1.7.1,8,2,19 2,9842,1
Gang-Steals\17\Game_20190309T115448.slp,1.7.1,31,2,20 16,17597,1
Gang-Steals\17\Game_20190309T115958.slp,1.7.1,3,2,20 16,16509,1
Gang-Steals\17\Game_20190309T120450.slp,1.7.1,28,2,20 16,2515,1
Gang-Steals\17\Game_20190309T120547.slp,1.7.1,28,2,20 16,17423,1
Gang-Steals\17\Game_20190309T121145.slp,1.7.1,2,2,15 16,13717,1
Gang-Steals\17\Game_20190309T121601.slp,1.7.1,32,2,15 16,15389,1
Gang-Steals\17\Game_20190309T122221.slp,1.7.1,31,2,19 9,1,1
Gang-Steals\17\Game_20190309T122235.slp,1.7.1,31,2,19 9,12597,1
Gang-Steals\17\Game_20190309T122625.slp,1.7.1,3,2,19 9,11900,1
Gang-Steals\17\Game_20190309T123135.slp,1.7.1,31,2,2 20,10003,1
Gang-Steals\17\Game_20190309T123441.slp,1.7.1,32,2,2 20,7336,1
Gang-Steals\17\Game_20190309T123658.slp,1.7.1,28,2,2 20,8147,1
Gang-Steals\17\Game_20190309T123930.slp,1.7.1,3,2,2 20,7479,1
Gang-Steals\17\Game_20190309T125146.slp,1.7.1,31,2,20 20,7719,1
Gang-Steals\17\Game_20190309T125417.slp,1.7.1,2,2,20 20,8735,1
Gang-Steals\17\Game_20190309T125657.slp,1.7.1,3,2,20 20,9549,1
Gang-Steals\17\Game_20190309T125952.slp,1.7.1,8,2,20 20,6905,1
Gang-Steals\17\Game_20190309T130207.slp,1.7.1,28,2,20 20,11460,1
Gang-Steals\17\Game_20190309T130540.slp,1.7.1,32,2,20 20,8902,1
Gang-Steals\17\Game_20190309T130823.slp,1.7.1,28,2,20 20,3115,1
Gang-Steals\17\Game_20190309T131035.slp,1.7.1,31,4,25 19 19 9,13029,1
Gang-Steals\17\Game_20190309T131458.slp,1.7.1,3,4,25 19 2 9,12619,1
Gang-Steals\17\Game_20190309T132600.slp,1.7.1,32,2,9 14,9571,1
Gang-Steals\17\Game_20190309T132901.slp,1.7.1,3,2,9 14,9711,1
Gang-Steals\17\Game_20190309T133159.slp,1.7.1,2,2,9 14,8387,1
Gang-Steals\17\Game_20190309T133526.slp,1.7.1,31,2,9 14,8008,1
Gang-Steals\17\Game_20190309T133847.slp,1.7.1,8,2,9 14,16304,1
Gang-Steals\17\Game_20190309T134356.slp,1.7.1,28,2,9 14,28800,1
Gang-Steals\17\Game_20190309T140536.slp,1.7.1,31,2,2 7,4624,1
Gang-Steals\17\Game_20190309T140710.slp,1.7.1,8,2,20 7,7597,1
Gang-Steals\17\Game_20190309T145302.slp,1.7.1,2,2,20 2,7681,1
Gang-Steals\17\Game_20190309T145532.slp,1.7.1,32,2,20 2,5324,1
Gang-Steals\17\Game_20190309T145735.slp,1.7.1,31,2,20 2,6589,1
Gang-Steals\17\Game_20190309T145940.slp,1.7.1,2,2,20 2,7397,1
Gang-Steals\17\Game_20190309T150200.slp,1.7.1,28,2,20 2,4645,1
Gang-Steals\17\Game_20190309T150717.slp,1.7.1,31,2,9 9,8118,1
Gang-Steals\17\Game_20190309T150947.slp,1.7.1,32,2,9 9,9793,1
Gang-Steals\17\Game_20190309T151245.slp,1.7.1,8,2,9 9,10948,1
Gang-Steals\17\Game_20190309T151603.slp,1.7.1,3,2,9 9,9439,1
Gang-Steals\17\Game_20190309T151855.slp,1.7.1,32,2,9 9,10913,1
Gang-Steals\17\Game_20190309T152210.slp,1.7.1,8,2,9 9,5354,1
Gang-Steals\17\Game_20190309T152354.slp,1.7.1,31,2,9 9,6598,1
Gang-Steals\17\Game_20190309T152601.slp,1.7.1,28,2,9 9,11981,1
Gang-Steals\17\Game_20190309T152935.slp,1.7.1,2,2,9 9,6710,1
Gang-Steals\17\Game_20190309T153143.slp,1.7.1,3,2,9 9,10968,1
Gang-Steals\17\Game_20190309T153515.slp,1.7.1,28,2,9 9,12429,1
Gang-Steals\17\Game_20190309T154008.slp,1.7.1,2,2,9 9,10625,1
Gang-Steals\17\Game_20190309T154730.slp,1.7.1,31,2,2 0,2028,1
Gang-Steals\17\Game_20190309T154839.slp,1.7.1,31,2,2 19,4425,1
Gang-Steals\17\Game_20190309T155345.slp,1.7.1,31,2,15 12,12054,1
Gang-Steals\17\Game_20190309T155722.slp,1.7.1,8,2,15 12,10325,1
Gang-Steals\17\Game_20190309T160234.slp,1.7.1,31,2,20 15,16388,1
Gang-Steals\17\Game_20190309T160724.slp,1.7.1,28,2,20 15,9891,1
Gang-Steals\17\Game_20190309T161029.slp,1.7.1,3,2,20 15,20049,1
Gang-Steals\17\Game_20190309T162104.slp,1.7.1,31,2,19 9,3380,1
Gang-Steals\17\Game_20190309T162232.slp,1.7.1,31,2,19 9,13051,1
Gang-Steals\17\Game_20190309T162709.slp,1.7.1,31,2,19 9,14887,1
Gang-Steals\17\Game_20190309T163200.slp,1.7.1,28,2,19 9,12566,1
Gang-Steals\17\Game_20190309T163556.slp,1.7.1,28,2,19 9,10247,1
Gang-Steals\17\Game_20190309T165502.slp,1.7.1,31,2,20 2,1368,1
Gang-Steals\17\Game_20190309T165545.slp,1.7.1,31,2,20 2,10113,1
Gang-Steals\17\Game_20190309T165849.slp,1.7.1,32,2,20 2,11030,1
Gang-Steals\17\Game_20190309T170220.slp,1.7.1,32,2,20 2,5912,1
Gang-Steals\17\Game_20190309T171602.slp,1.7.1,8,2,2 20,7311,1
Gang-Steals\17\Game_20190309T171822.slp,1.7.1,32,2,2 20,8267,1
Gang-Steals\17\Game_20190309T172059.slp,1.7.1,3,2,2 20,6909,1
Gang-Steals\17\Game_20190309T172309.slp,1.7.1,31,2,2 20,4545,1
Gang-Steals\17\Game_20190309T172440.slp,1.7.1,8,2,2 20,9731,1
Gang-Steals\17\Game_20190309T172740.slp,1.7.1,2,2,2 20,7214,1
Gang-Steals\17\Game_20190309T173002.slp,1.7.1,3,2,2 20,9879,1
Gang-Steals\17\Game_20190309T173311.slp,1.7.1,32,2,2 20,10540,1
Gang-Steals\17\Game_20190309T173626.slp,1.7.1,28,2,2 20,7877,1
Gang-Steals\17\Game_20190309T173855.slp,1.7.1,31,2,2 20,10927,1
Gang-Steals\17\Game_20190309T174213.slp,1.7.1,32,2,2 20,8774,1
Gang-Steals\17\Game_20190309T174502.slp,1.7.1,31,2,2 20,6405,1
Gang-Steals\17\Game_20190309T174703.slp,1.7.1,28,2,2 20,2528,1
Gang-Steals\17\Game_20190309T174843.slp,1.7.1,31,2,20 9,6410,1
Gang-Steals\17\Game_20190309T175257.slp,1.7.1,2,2,14 9,6411,1
Gang-Steals\17\Game_20190309T175845.slp,1.7.1,3,2,20 3,2497,1
Gang-Steals\17\Game_20190309T180105.slp,1.7.1,8,2,19 2,9801,1
Gang-Steals\17\Game_20190309T180408.slp,1.7.1,8,2,19 2,9255,1
Gang-Steals\17\Game_20190309T180848.slp,1.7.1,28,2,19 2,8755,1
Gang-Steals\17\Game_20190309T181212.slp,1.7.1,3,2,19 2,10421,1
Gang-Steals\17\Game_20190309T181553.slp,1.7.1,31,2,19 2,8695,1
Gang-Steals\17\Game_20190309T182247.slp,1.7.1,31,2,2 20,23683,1
Gang-Steals\18\Game_20190309T085504.slp,1.7.1,32,2,12 19,11553,1
Gang-Steals\18\Game_20190309T085829.slp,1.7.1,28,2,12 19,14597,1
Gang-Steals\18\Game_20190309T090250.slp,1.7.1,2,2,12 2,12018,1
Gang-Steals\18\Game_20190309T090707.slp,1.7.1,31,2,12 2,11233,1
Gang-Steals\18\Game_20190309T091031.slp,1.7.1,8,2,12 14,10250,1
Gang-Steals\18\Game_20190309T091336.slp,1.7.1,3,2,12 14,15126,1
Gang-Steals\18\Game_20190309T092203.slp,1.7.1,28,2,2 15,8338,1
Gang-Steals\18\Game_20190309T092529.slp,1.7.1,32,2,2 20,9483,1
Gang-Steals\18\Game_20190309T092829.slp,1.7.1,31,2,12 2,6339,1
Gang-Steals\18\Game_20190309T093033.slp,1.7.1,3,2,12 9,15553,1
Gang-Steals\18\Game_20190309T093508.slp,1.7.1,8,2,12 9,11982,1
Gang-Steals\18\Game_20190309T093905.slp,1.7.1,2,2,12 19,19758,1
Gang-Steals\18\Game_20190309T094500.slp,1.7.1,32,2,18 9,9658,1
Gang-Steals\18\Game_20190309T094800.slp,1.7.1,31,2,2 9,10095,1
Gang-Steals\18\Game_20190309T095104.slp,1.7.1,8,2,2 9,8772,1
Gang-Steals\18\Game_20190309T095348.slp,1.7.1,3,2,2 9,7066,1
Gang-Steals\18\Game_20190309T095604.slp,1.7.1,28,2,2 9,8430,1
Gang-Steals\18\Game_20190309T101126.slp,1.7.1,2,2,2 20,20227,1
Gang-Steals\18\Game_20190309T101741.slp,1.7.1,31,2,2 20,8770,1
Gang-Steals\18\Game_20190309T102022.slp,1.7.1,28,2,20 20,10416,1
Gang-Steals\18\Game_20190309T102614.slp,1.7.1,8,2,20 2,7,1
Gang-Steals\18\Game_20190309T102639.slp,1.7.1,32,2,20 2,2415,1
Gang-Steals\18\Game_20190309T102806.slp,1.7.1,8,2,20 2,12773,1
Gang-Steals\18\Game_20190309T103202.slp,1.7.1,28,2,9 2,12788,1
Gang-Steals\18\Game_20190309T103650.slp,1.7.1,31,2,2 2,3345,1
Gang-Steals\18\Game_20190309T103759.slp,1.7.1,3,2,2 2,3547,1
Gang-Steals\18\Game_20190309T103945.slp,1.7.1,31,2,2 15,11363,1
Gang-Steals\18\Game_20190309T104319.slp,1.7.1,31,2,2 15,6983,1
Gang-Steals\18\Game_20190309T104542.slp,1.7.1,3,2,2 2,3649,1
Gang-Steals\18\Game_20190309T104659.slp,1.7.1,8,2,2 2,553,1
Gang-Steals\18\Game_20190309T104847.slp,1.7.1,8,2,2 20,10007,1
Gang-Steals\18\Game_20190309T105153.slp,1.7.1,31,2,2 20,10094,1
Gang-Steals\18\Game_20190309T105457.slp,1.7.1,32,2,2 20,3135,1
Gang-Steals\18\Game_20190309T105603.slp,1.7.1,28,2,2 20,1283,1
Gang-Steals\18\Game_20190309T105815.slp,1.7.1,32,2,2 14,7844,1
Gang-Steals\18\Game_20190309T110047.slp,1.7.1,28,2,2 14,5125,1
Gang-Steals\18\Game_20190309T110234.slp,1.7.1,8,2,2 14,16330,1
Gang-Steals\18\Game_20190309T110722.slp,1.7.1,32,2,2 2,3689,1
Gang-Steals\18\Game_20190309T110837.slp,1.7.1,32,2,2 2,2808,1
Gang-Steals\18\Game_20190309T110941.slp,1.7.1,32,2,2 2,7262,1
Gang-Steals\18\Game_20190309T111157.slp,1.7.1,32,2,2 2,6561,1
Gang-Steals\18\Game_20190309T111400.slp,1.7.1,32,2,2 2,6058,1
Gang-Steals\18\Game_20190309T111555.slp,1.7.1,32,2,2 2,3470,1
Gang-Steals\18\Game_20190309T111707.slp,1.7.1,32,2,2 2,6841,1
Gang-Steals\18\Game_20190309T111916.slp,1.7.1,32,2,2 2,6884,1
Gang-Steals\18\Game_20190309T112125.slp,1.7.1,32,2,2 2,5923,1
Gang-Steals\18\Game_20190309T112322.slp,1.7.1,32,2,2 2,6220,1
Gang-Steals\18\Game_20190309T112520.slp,1.7.1,32,2,2 2,5920,1
Gang-Steals\18\Game_20190309T112712.slp,1.7.1,32,2,2 2,6893,1
Gang-Steals\18\Game_20190309T112923.slp,1.7.1,32,2,2 2,7255,1
Gang-Steals\18\Game_20190309T113139.slp,1.7.1,32,2,2 2,4004,1
Gang-Steals\18\Game_20190309T113259.slp,1.7.1,32,2,2 2,3620,1
Gang-Steals\18\Game_20190309T113414.slp,1.7.1,32,2,2 2,4099,1
Gang-Steals\18\Game_20190309T113536.slp,1.7.1,32,2,2 2,4823,1
Gang-Steals\18\Game_20190309T113830.slp,1.7.1,31,2,12 7,4715,1
Gang-Steals\18\Game_20190309T114042.slp,1.7.1,31,2,12 7,11714,1
Gang-Steals\18\Game_20190309T114427.slp,1.7.1,31,2,12 7,9575,1
Gang-Steals\18\Game_20190309T115013.slp,1.7.1,8,2,14 9,9156,1
Gang-Steals\18\Game_20190309T115329.slp,1.7.1,28,2,14 9,11711,1
Gang-Steals\18\Game_20190309T115819.slp,1.7.1,2,2,7 0,9021,1
Gang-Steals\18\Game_20190309T120113.slp,1.7.1,31,2,7 0,11956,1
Gang-Steals\18\Game_20190309T120650.slp,1.7.1,31,2,9 19,3518,1
Gang-Steals\18\Game_20190309T120805.slp,1.7.1,2,2,9 19,15032,1
Gang-Steals\18\Game_20190309T121244.slp,1.7.1,2,2,9 19,10589,1
Gang-Steals\18\Game_20190309T121610.slp,1.7.1,31,2,9 19,11765,1
Gang-Steals\18\Game_20190309T122310.slp,1.7.1,31,2,20 9,1022,1
Gang-Steals\18\Game_20190309T122400.slp,1.7.1,31,2,20 9,3594,1
Gang-Steals\18\Game_20190309T122512.slp,1.7.1,31,2,20 9,7971,1
Gang-Steals\18\Game_20190309T122741.slp,1.7.1,8,2,20 9,5966,1
Gang-Steals\18\Game_20190309T123137.slp,1.7.1,31,2,13 9,16752,1
Gang-Steals\18\Game_20190309T123647.slp,1.7.1,31,2,13 9,12360,1
Gang-Steals\18\Game_20190309T124115.slp,1.7.1,31,2,0 13,14286,1
Gang-Steals\18\Game_20190309T124531.slp,1.7.1,31,2,0 13,14866,1
Gang-Steals\18\Game_20190309T125218.slp,1.7.1,8,2,16 19,13130,1
Gang-Steals\18\Game_20190309T125614.slp,1.7.1,28,2,16 19,11907,1
Gang-Steals\18\Game_20190309T130135.slp,1.7.1,32,2,19 9,8983,1
Gang-Steals\18\Game_20190309T130438.slp,1.7.1,2,2,9 9,6921,1
Gang-Steals\18\Game_20190309T130649.slp,1.7.1,31,2,19 9,13915,1
Gang-Steals\18\Game_20190309T131105.slp,1.7.1,3,2,19 9,8629,1
Gang-Steals\18\Game_20190309T131403.slp,1.7.1,28,2,9 9,6193,1
Gang-Steals\18\Game_20190309T131639.slp,1.7.1,8,2,19 9,8064,1
Gang-Steals\18\Game_20190309T131910.slp,1.7.1,32,2,9 9,1917,1
Gang-Steals\18\Game_20190309T132234.slp,1.7.1,31,4,20 12 19 19,14135,1
Gang-Steals\18\Game_20190309T132701.slp,1.7.1,31,4,20 12 19 19,13225,1
Gang-Steals\18\Game_20190309T133641.slp,1.7.1,32,4,20 9 12 2,11167,1
Gang-Steals\18\Game_20190309T134003.slp,1.7.1,31,4,20 9 12 2,11765,1
Gang-Steals\18\Game_20190309T134343.slp,1.7.1,28,4,20 9 12 2,11163,1
Gang-Steals\18\Game_20190309T134818.slp,1.7.1,8,2,20 2,483,1
Gang-Steals\18\Game_20190309T135135.slp,1.7.1,32,4,20 20 0 19,9290,1
Gang-Steals\18\Game_20190309T135458.slp,1.7.1,28,4,20 20 0 19,12448,1
Gang-Steals\18\Game_20190309T140022.slp,1.7.1,28,2,14 2,2046,1
Gang-Steals\18\Game_20190309T140425.slp,1.7.1,3,4,2 9 16 19,16388,1
Gang-Steals\18\Game_20190309T140943.slp,1.7.1,32,4,2 9 16 19,13489,1
Gang-Steals\18\Game_20190309T141359.slp,1.7.1,31,4,2 9 16 19,14993,1
Gang-Steals\18\Game_20190309T142057.slp,1.7.1,31,4,14 19 16 2,4307,1
Gang-Steals\18\Game_20190309T142257.slp,1.7.1,3,4,14 19 16 2,9205,1
Gang-Steals\18\Game_20190309T142558.slp,1.7.1,31,4,14 19 16 2,10930,1
Gang-Steals\18\Game_20190309T143251.slp,1.7.1,3,4,14 9 19 9,8183,1
Gang-Steals\18\Game_20190309T143614.slp,1.7.1,32,4,14 20 2 9,11120,1
Gang-Steals\18\Game_20190309T143942.slp,1.7.1,28,4,14 20 2 9,15028,1
Gang-Steals\18\Game_20190309T144704.slp,1.7.1,32,4,14 15 0 9,1902,1
Gang-Steals\18\Game_20190309T144822.slp,1.7.1,32,4,14 15 0 9,7321,1
Gang-Steals\18\Game_20190309T145107.slp,1.7.1,31,4,14 15 0 9,10907,1
Gang-Steals\18\Game_20190309T145617.slp,1.7.1,3,4,14 12 19 2,14154,1
Gang-Steals\18\Game_20190309T150032.slp,1.7.1,28,4,14 12 19 2,15858,1
Gang-Steals\18\Game_20190309T150539.slp,1.7.1,32,4,14 12 19 2,11280,1
Gang-Steals\18\Game_20190309T150917.slp,1.7.1,8,4,14 12 19 9,9622,1
Gang-Steals\18\Game_20190309T152137.slp,1.7.1,32,4,2 2 21 0,10620,1
Gang-Steals\18\Game_20190309T152507.slp,1.7.1,32,4,2 2 21 0,9866,1
Gang-Steals\18\Game_20190309T152816.slp,1.7.1,3,4,2 2 21 0,8851,1
Gang-Steals\18\Game_20190309T153111.slp,1.7.1,28,4,2 2 21 0,12091,1
Gang-Steals\18\Game_20190309T153829.slp,1.7.1,28,2,2 20,24098,1
Gang-Steals\18\Game_20190309T154541.slp,1.7.1,8,2,2 15,6163,1
Gang-Steals\18\Game_20190309T154739.slp,1.7.1,31,2,2 15,5636,1
Gang-Steals\18\Game_20190309T154927.slp,1.7.1,3,2,2 15,6490,1
Gang-Steals\18\Game_20190309T155131.slp,1.7.1,32,2,2 15,13126,1
Gang-Steals\18\Game_20190309T155524.slp,1.7.1,8,2,2 15,6352,1
Gang-Steals\18\Game_20190309T155725.slp,1.7.1,3,2,2 15,21419,1
Gang-Steals\18\Game_20190309T160608.slp,1.7.1,31,2,15 2,9276,1
Gang-Steals\18\Game_20190309T160857.slp,1.7.1,2,2,15 2,11093,1
Gang-Steals\18\Game_20190309T161358.slp,1.7.1,31,2,14 2,5009,1
Gang-Steals\18\Game_20190309T162119.slp,1.7.1,31,2,14 2,14243,1
Gang-Steals\18\Game_20190309T162605.slp,1.7.1,3,2,14 2,9547,1
Gang-Steals\18\Game_20190309T163252.slp,1.7.1,8,2,14 9,12270,1
Gang-Steals\18\Game_20190309T163632.slp,1.7.1,2,2,14 9,16813,1
Gang-Steals\18\Game_20190309T164129.slp,1.7.1,31,2,14 9,17513,1
Gang-Steals\18\Game_20190309T164639.slp,1.7.1,32,2,14 9,7529,1
Gang-Steals\18\Game_20190309T165254.slp,1.7.1,2,2,3 12,9267,1
Gang-Steals\18\Game_20190309T165548.slp,1.7.1,28,2,3 12,12371,1
Gang-Steals\18\Game_20190309T165929.slp,1.7.1,8,2,3 12,6133,1
Gang-Steals\18\Game_20190309T170423.slp,1.7.1,2,2,3 13,14682,1
Gang-Steals\18\Game_20190309T170854.slp,1.7.1,28,2,3 22,8857,1
Gang-Steals\18\Game_20190309T171142.slp,1.7.1,32,2,3 13,9989,1
Gang-Steals\18\Game_20190309T171445.slp,1.7.1,31,2,3 22,9499,1
Gang-Steals\18\Game_20190309T171739.slp,1.7.1,3,2,3 13,11950,1
Gang-Steals\18\Game_20190309T172120.slp,1.7.1,28,2,3 22,8480,1
Gang-Steals\18\Game_20190309T172356.slp,1.7.1,32,2,22 13,15085,1
Gang-Steals\18\Game_20190309T173835.slp,1.7.1,31,2,20 2,5971,1
Gang-Steals\18\Game_20190309T174209.slp,1.7.1,8,2,19 19,8953,1
Gang-Steals\18\Game_20190309T174501.slp,1.7.1,3,2,19 19,14463,1
Gang-Steals\18\Game_20190309T174923.slp,1.7.1,2,2,19 19,12793,1
Gang-Steals\19\Game_20190309T092012.slp,1.7.1,31,2,2 6,3189,1
Gang-Steals\19\Game_20190309T092142.slp,1.7.1,8,2,2 14,5969,1
Gang-Steals\19\Game_20190309T092337.slp,1.7.1,2,2,2 14,7539,1
Gang-Steals\19\Game_20190309T092633.slp,1.7.1,3,2,2 14,13364,1
Gang-Steals\19\Game_20190309T093035.slp,1.7.1,32,2,2 14,10268,1
Gang-Steals\19\Game_20190309T093342.slp,1.7.1,31,2,2 14,13753,1
Gang-Steals\19\Game_20190309T093753.slp,1.7.1,31,2,14 14,11348,1
Gang-Steals\19\Game_20190309T094149.slp,1.7.1,28,2,14 14,12186,1
Gang-Steals\19\Game_20190309T094527.slp,1.7.1,2,2,14 14,7334,1
Gang-Steals\19\Game_20190309T095558.slp,1.7.1,31,2,9 1,7906,1
Gang-Steals\19\Game_20190309T100301.slp,1.7.1,31,2,9 15,10211,1
Gang-Steals\19\Game_20190309T100606.slp,1.7.1,3,2,9 15,11701,1
Gang-Steals\19\Game_20190309T101341.slp,1.7.1,3,2,2 2,3116,1
Gang-Steals\19\Game_20190309T101448.slp,1.7.1,32,2,2 2,3309,1
Gang-Steals\19\Game_20190309T101557.slp,1.7.1,8,2,2 2,3803,1
Gang-Steals\19\Game_20190309T101715.slp,1.7.1,31,2,2 2,2913,1
Gang-Steals\19\Game_20190309T101818.slp,1.7.1,2,2,2 2,3220,1
Gang-Steals\19\Game_20190309T101931.slp,1.7.1,3,2,2 2,5071,1
Gang-Steals\19\Game_20190309T102115.slp,1.7.1,28,2,2 2,5020,1
Gang-Steals\19\Game_20190309T102254.slp,1.7.1,8,2,2 2,663,1
Gang-Steals\19\Game_20190309T102349.slp,1.7.1,31,2,14 0,8235,1
Gang-Steals\19\Game_20190309T102623.slp,1.7.1,3,2,14 0,10060,1
Gang-Steals\19\Game_20190309T102941.slp,1.7.1,2,2,14 0,9658,1
Gang-Steals\19\Game_20190309T103432.slp,1.7.1,31,2,12 15,11621,1
Gang-Steals\19\Game_20190309T103801.slp,1.7.1,32,2,12 15,13080,1
Gang-Steals\19\Game_20190309T104254.slp,1.7.1,31,2,14 9,12559,1
Gang-Steals\19\Game_20190309T104642.slp,1.7.1,31,2,14 9,13908,1
Gang-Steals\19\Game_20190309T105315.slp,1.7.1,8,2,2 0,6071,1
Gang-Steals\19\Game_20190309T105515.slp,1.7.1,32,2,20 0,8112,1
Gang-Steals\19\Game_20190309T105747.slp,1.7.1,31,2,20 0,8007,1
Gang-Steals\19\Game_20190309T110019.slp,1.7.1,8,2,20 0,6199,1
Gang-Steals\19\Game_20190309T110218.slp,1.7.1,32,2,20 0,9672,1
Gang-Steals\19\Game_20190309T110513.slp,1.7.1,28,2,20 0,9262,1
Gang-Steals\19\Game_20190309T110836.slp,1.7.1,3,2,20 0,8877,1
Gang-Steals\19\Game_20190309T111119.slp,1.7.1,2,2,20 0,8725,1
Gang-Steals\19\Game_20190309T111404.slp,1.7.1,2,2,20 0,6755,1
Gang-Steals\19\Game_20190309T111612.slp,1.7.1,8,2,20 0,8260,1
Gang-Steals\19\Game_20190309T112206.slp,1.7.1,2,2,2 9,8361,1
Gang-Steals\19\Game_20190309T112444.slp,1.7.1,8,2,2 9,8031,1
Gang-Steals\19\Game_20190309T112735.slp,1.7.1,31,2,2 9,9072,1
Gang-Steals\19\Game_20190309T113634.slp,1.7.1,31,2,15 0,2707,1
Gang-Steals\19\Game_20190309T113734.slp,1.7.1,31,2,15 0,9661,1
Gang-Steals\19\Game_20190309T114035.slp,1.7.1,2,2,15 0,16546,1
Gang-Steals\19\Game_20190309T114824.slp,1.7.1,31,2,0 21,1578,1
Gang-Steals\19\Game_20190309T114944.slp,1.7.1,28,2,20 20,3785,1
Gang-Steals\19\Game_20190309T115105.slp,1.7.1,31,2,20 20,6147,1
Gang-Steals\19\Game_20190309T115302.slp,1.7.1,8,2,20 20,7358,1
Gang-Steals\19\Game_20190309T115521.slp,1.7.1,31,2,20 20,11015,1
Gang-Steals\19\Game_20190309T115858.slp,1.7.1,28,2,20 21,1739,1
Gang-Steals\19\Game_20190309T120059.slp,1.7.1,31,2,15 13,14156,1
Gang-Steals\19\Game_20190309T120512.slp,1.7.1,3,2,15 13,10619,1
Gang-Steals\19\Game_20190309T121044.slp,1.7.1,31,2,0 13,9834,1
Gang-Steals\19\Game_20190309T121403.slp,1.7.1,31,2,6 13,7790,1
Gang-Steals\19\Game_20190309T121739.slp,1.7.1,31,2,0 2,2359,1
Gang-Steals\19\Game_20190309T121850.slp,1.7.1,32,2,0 2,9232,1
Gang-Steals\19\Game_20190309T122145.slp,1.7.1,31,2,0 2,7896,1
Gang-Steals\19\Game_20190309T122522.slp,1.7.1,31,2,20 9,11858,1
Gang-Steals\19\Game_20190309T122855.slp,1.7.1,31,2,20 9,6604,1
Gang-Steals\19\Game_20190309T123209.slp,1.7.1,31,2,20 9,9694,1
Gang-Steals\19\Game_20190309T123510.slp,1.7.1,3,2,20 9,10574,1
Gang-Steals\19\Game_20190309T123833.slp,1.7.1,8,2,2 9,8924,1
Gang-Steals\19\Game_20190309T124244.slp,1.7.1,31,3,12 2 2,3501,1
Gang-Steals\19\Game_20190309T124402.slp,1.7.1,31,3,12 2 2,28553,1
Gang-Steals\19\Game_20190309T130917.slp,1.7.1,3,2,2 21,314,1
Gang-Steals\19\Game_20190309T130934.slp,1.7.1,32,2,2 21,6919,1
Gang-Steals\19\Game_20190309T131340.slp,1.7.1,3,4,2 20 2 21,10318,1
Gang-Steals\19\Game_20190309T131700.slp,1.7.1,31,4,9 20 2 21,9889,1
Gang-Steals\19\Game_20190309T132005.slp,1.7.1,32,4,9 20 2 21,10484,1
Gang-Steals\19\Game_20190309T132630.slp,1.7.1,31,4,20 2 22 19,9371,1
Gang-Steals\19\Game_20190309T132939.slp,1.7.1,31,4,20 2 22 19,8658,1
Gang-Steals\19\Game_20190309T133722.slp,1.7.1,31,2,0 2,7019,1
Gang-Steals\19\Game_20190309T135029.slp,1.7.1,28,4,2 14 20 2,13760,1
Gang-Steals\19\Game_20190309T135438.slp,1.7.1,3,4,2 14 20 2,7626,1
Gang-Steals\19\Game_20190309T135733.slp,1.7.1,32,4,20 14 20 20,10994,1
Gang-Steals\19\Game_20190309T140102.slp,1.7.1,28,4,20 14 20 0,11192,1
Gang-Steals\19\Game_20190309T140653.slp,1.7.1,31,2,20 2,10078,1
Gang-Steals\19\Game_20190309T140956.slp,1.7.1,8,2,20 2,5174,1
Gang-Steals\19\Game_20190309T141136.slp,1.7.1,2,2,20 2,7985,1
Gang-Steals\19\Game_20190309T141405.slp,1.7.1,32,2,20 2,9523,1
Gang-Steals\19\Game_20190309T141658.slp,1.7.1,2,2,20 2,7980,1
Gang-Steals\19\Game_20190309T141926.slp,1.7.1,31,2,20 2,8504,1
Gang-Steals\19\Game_20190309T142202.slp,1.7.1,3,2,20 2,5445,1
Gang-Steals\19\Game_20190309T142347.slp,1.7.1,28,2,20 2,10629,1
Gang-Steals\19\Game_20190309T142658.slp,1.7.1,8,2,20 2,9842,1
Gang-Steals\19\Game_20190309T142955.slp,1.7.1,28,2,20 2,8927,1
Gang-Steals\19\Game_20190309T143241.slp,1.7.1,3,2,20 2,13473,1
Gang-Steals\19\Game_20190309T143710.slp,1.7.1,2,2,20 9,7784,1
Gang-Steals\19\Game_20190309T143937.slp,1.7.1,8,2,20 9,7740,1
Gang-Steals\19\Game_20190309T144202.slp,1.7.1,32,2,20 9,8458,1
Gang-Steals\19\Game_20190309T144440.slp,1.7.1,31,2,20 9,6580,1
Gang-Steals\19\Game_20190309T144645.slp,1.7.1,8,2,20 9,7127,1
Gang-Steals\19\Game_20190309T144901.slp,1.7.1,32,2,20 9,8438,1
Gang-Steals\19\Game_20190309T145156.slp,1.7.1,31,2,20 9,5527,1
Gang-Steals\19\Game_20190309T145343.slp,1.7.1,2,2,20 9,7050,1
Gang-Steals\19\Game_20190309T145555.slp,1.7.1,3,2,20 9,6094,1
Gang-Steals\19\Game_20190309T145934.slp,1.7.1,28,4,20 3 14 9,14388,1
Gang-Steals\19\Game_20190309T150349.slp,1.7.1,3,4,20 3 14 9,10779,1
Gang-Steals\19\Game_20190309T150704.slp,1.7.1,32,4,20 3 14 9,10958,1
Gang-Steals\19\Game_20190309T151030.slp,1.7.1,8,4,20 3 14 9,11643,1
Gang-Steals\19\Game_20190309T151408.slp,1.7.1,31,4,20 3 14 9,17928,1
Gang-Steals\19\Game_20190309T151924.slp,1.7.1,28,4,20 3 14 9,14052,1
Gang-Steals\19\Game_20190309T152343.slp,1.7.1,15,4,20 3 14 9,2,1
Gang-Steals\19\Game_20190309T152356.slp,1.7.1,2,4,20 3 14 9,469,1
Gang-Steals\19\Game_20190309T152434.slp,1.7.1,32,4,20 3 14 0,10877,1
Gang-Steals\19\Game_20190309T152814.slp,1.7.1,31,4,20 3 14 2,11844,1
Gang-Steals\19\Game_20190309T153207.slp,1.7.1,3,2,20 2,9677,1
Gang-Steals\19\Game_20190309T153515.slp,1.7.1,2,2,20 0,9487,1
Gang-Steals\19\Game_20190309T153823.slp,1.7.1,8,2,20 19,10453,1
Gang-Steals\19\Game_20190309T154140.slp,1.7.1,28,2,20 0,9860,1
Gang-Steals\19\Game_20190309T154447.slp,1.7.1,2,2,20 12,5817,1
Gang-Steals\19\Game_20190309T154641.slp,1.7.1,32,2,20 0,19426,1
Gang-Steals\19\Game_20190309T155329.slp,1.7.1,28,2,14 2,14651,1
Gang-Steals\19\Game_20190309T155750.slp,1.7.1,3,2,14 2,13395,1
Gang-Steals\19\Game_20190309T160150.slp,1.7.1,31,2,14 2,12196,1
Gang-Steals\19\Game_20190309T160749.slp,1.7.1,28,2,2 14,8985,1
Gang-Steals\19\Game_20190309T161034.slp,1.7.1,2,2,2 14,7417,1
Gang-Steals\19\Game_20190309T161512.slp,1.7.1,31,2,2 15,14037,1
Gang-Steals\19\Game_20190309T161923.slp,1.7.1,32,2,2 15,10502,1
Gang-Steals\19\Game_20190309T162240.slp,1.7.1,28,2,2 15,15387,1
Gang-Steals\19\Game_20190309T163137.slp,1.7.1,28,2,2 21,6280,1
Gang-Steals\19\Game_20190309T163426.slp,1.7.1,31,2,0 2,4178,1
Gang-Steals\19\Game_20190309T163550.slp,1.7.1,31,2,0 2,6390,1
Gang-Steals\19\Game_20190309T163804.slp,1.7.1,31,2,0 2,11244,1
Gang-Steals\19\Game_20190309T164131.slp,1.7.1,3,2,0 2,8309,1
Gang-Steals\19\Game_20190309T165110.slp,1.7.1,31,2,2 2,9637,1
Gang-Steals\19\Game_20190309T165411.slp,1.7.1,3,2,2 2,11142,1
Gang-Steals\19\Game_20190309T165733.slp,1.7.1,2,2,2 2,9375,1
Gang-Steals\19\Game_20190309T170220.slp,1.7.1,2,2,9 2,10268,1
Gang-Steals\19\Game_20190309T170530.slp,1.7.1,32,2,9 2,7356,1
Gang-Steals\19\Game_20190309T170748.slp,1.7.1,32,2,9 2,13764,1
Gang-Steals\19\Game_20190309T171402.slp,1.7.1,3,2,2 2,180,1
Gang-Steals\19\Game_20190309T171451.slp,1.7.1,31,2,20 2,1670,1
Gang-Steals\19\Game_20190309T171537.slp,1.7.1,28,2,20 2,7367,1
Gang-Steals\19\Game_20190309T171754.slp,1.7.1,32,2,20 2,12366,1
Gang-Steals\19\Game_20190309T172136.slp,1.7.1,32,2,20 2,9564,1
Gang-Steals\19\Game_20190309T172434.slp,1.7.1,3,2,20 2,10512,1
Gang-Steals\19\Game_20190309T172747.slp,1.7.1,3,2,20 2,14284,1
Gang-Steals\19\Game_20190309T173530.slp,1.7.1,31,2,20 2,5195,1
Gang-Steals\19\Game_20190309T175121.slp,1.7.1,28,2,20 19,13022,1
Gang-Steals\19\Game_20190309T175515.slp,1.7.1,3,2,20 19,12603,1
Gang-Steals\19\Game_20190309T175905.slp,1.7.1,32,2,20 19,14277,1
Gang-Steals\19\Game_20190309T180320.slp,1.7.1,2,2,20 19,13131,1
Gang-Steals\19\Game_20190309T180918.slp,1.7.1,8,2,18 14,10972,1
Gang-Steals\19\Game_20190309T181240.slp,1.7.1,32,2,18 14,14083,1
Gang-Steals\19\Game_20190309T181650.slp,1.7.1,32,2,18 14,14793,1
Gang-Steals\19\Game_20190309T182112.slp,1.7.1,2,2,18 14,8860,1
Gang-Steals\19\Game_20190309T182417.slp,1.7.1,28,2,18 14,13812,1
Gang-Steals\19\Game_20190309T183045.slp,1.7.1,8,2,2 2,6734,1
Gang-Steals\19\Game_20190309T183313.slp,1.7.1,8,2,2 15,4800,1
Gang-Steals\19\Game_20190309T183447.slp,1.7.1,8,2,2 15,1848,1
Gang-Steals\19\Game_20190309T183543.slp,1.7.1,31,2,20 2,1749,1
Gang-Steals\19\Game_20190309T183701.slp,1.7.1,28,2,20 2,14409,1
Gang-Steals\19\Game_20190309T184122.slp,1.7.1,3,2,20 2,10615,1
Gang-Steals\19\Game_20190309T184435.slp,1.7.1,32,2,20 2,10964,1
Gang-Steals\19\Game_20190309T184755.slp,1.7.1,31,2,20 2,13314,1
Gang-Steals\19\Game_20190309T185355.slp,1.7.1,28,2,20 2,7982,1
Gang-Steals\19\Game_20190309T185641.slp,1.7.1,32,2,20 2,12952,1
Gang-Steals\19\Game_20190309T190113.slp,1.7.1,31,2,20 2,11542,1
Gang-Steals\19\Game_20190309T190538.slp,1.7.1,8,2,20 2,11620,1
Gang-Steals\19\Game_20190309T191109.slp,1.7.1,31,2,20 15,24344,1
Gang-Steals\20\Game_20190309T083225.slp,1.7.1,32,2,2 9,4097,1
Gang-Steals\20\Game_20190309T083353.slp,1.7.1,28,2,2 9,7377,1
Gang-Steals\20\Game_20190309T083612.slp,1.7.1,8,2,2 9,8827,1
Gang-Steals\20\Game_20190309T083854.slp,1.7.1,31,2,2 9,11096,1
Gang-Steals\20\Game_20190309T084214.slp,1.7.1,2,2,0 9,3749,1
Gang-Steals\20\Game_20190309T084333.slp,1.7.1,3,2,0 9,6758,1
Gang-Steals\20\Game_20190309T084542.slp,1.7.1,8,2,15 9,3575,1
Gang-Steals\20\Game_20190309T084657.slp,1.7.1,31,2,15 9,3398,1
Gang-Steals\20\Game_20190309T085221.slp,1.7.1,28,2,14 20,6550,1
Gang-Steals\20\Game_20190309T085426.slp,1.7.1,8,2,14 20,10895,1
Gang-Steals\20\Game_20190309T090328.slp,1.7.1,2,2,14 9,14749,1
Gang-Steals\20\Game_20190309T090800.slp,1.7.1,28,2,14 20,9457,1
Gang-Steals\20\Game_20190309T091058.slp,1.7.1,3,2,14 2,8048,1
Gang-Steals\20\Game_20190309T091334.slp,1.7.1,32,2,14 19,9805,1
Gang-Steals\20\Game_20190309T091938.slp,1.7.1,31,2,22 19,3148,1
Gang-Steals\20\Game_20190309T092050.slp,1.7.1,31,2,22 19,14679,1
Gang-Steals\20\Game_20190309T092518.slp,1.7.1,3,2,22 19,13950,1
Gang-Steals\20\Game_20190309T093005.slp,1.7.1,28,2,19 9,7412,1
Gang-Steals\20\Game_20190309T093336.slp,1.7.1,31,2,20 20,9910,1
Gang-Steals\20\Game_20190309T093638.slp,1.7.1,31,2,0 20,10455,1
Gang-Steals\20\Game_20190309T094100.slp,1.7.1,8,2,2 19,10314,1
Gang-Steals\20\Game_20190309T094414.slp,1.7.1,28,2,2 12,12630,1
Gang-Steals\20\Game_20190309T094806.slp,1.7.1,8,2,2 12,17591,1
Gang-Steals\20\Game_20190309T095502.slp,1.7.1,8,2,14 2,1152,1
Gang-Steals\20\Game_20190309T095619.slp,1.7.1,2,2,12 2,10621,1
Gang-Steals\20\Game_20190309T095932.slp,1.7.1,28,2,12 2,7436,1
Gang-Steals\20\Game_20190309T100153.slp,1.7.1,8,2,12 2,11052,1
Gang-Steals\20\Game_20190309T100615.slp,1.7.1,28,2,12 14,1012,1
Gang-Steals\20\Game_20190309T100651.slp,1.7.1,28,2,12 14,10413,1
Gang-Steals\20\Game_20190309T101004.slp,1.7.1,3,2,12 14,10625,1
Gang-Steals\20\Game_20190309T101454.slp,1.7.1,31,2,9 20,12821,1
Gang-Steals\20\Game_20190309T102141.slp,1.7.1,31,2,0 0,2702,1
Gang-Steals\20\Game_20190309T102244.slp,1.7.1,31,2,0 0,8030,1
Gang-Steals\20\Game_20190309T102520.slp,1.7.1,28,2,0 0,8633,1
Gang-Steals\20\Game_20190309T102812.slp,1.7.1,32,2,0 0,6676,1
Gang-Steals\20\Game_20190309T103132.slp,1.7.1,28,2,15 0,3531,1
Gang-Steals\20\Game_20190309T103250.slp,1.7.1,31,2,15 0,7964,1
Gang-Steals\20\Game_20190309T103522.slp,1.7.1,2,2,15 0,7241,1
Gang-Steals\20\Game_20190309T103743.slp,1.7.1,3,2,15 0,9973,1
Gang-Steals\20\Game_20190309T104250.slp,1.7.1,31,2,0 9,9295,1
Gang-Steals\20\Game_20190309T104542.slp,1.7.1,31,2,0 9,10378,1
Gang-Steals\20\Game_20190309T104921.slp,1.7.1,3,2,0 9,11882,1
Gang-Steals\20\Game_20190309T105449.slp,1.7.1,8,2,19 9,2931,1
Gang-Steals\20\Game_20190309T105637.slp,1.7.1,31,2,7 20,12110,1
Gang-Steals\20\Game_20190309T110016.slp,1.7.1,31,2,7 20,12718,1
Gang-Steals\20\Game_20190309T110410.slp,1.7.1,8,2,7 20,9059,1
Gang-Steals\20\Game_20190309T110811.slp,1.7.1,31,2,7 19,17511,1
Gang-Steals\20\Game_20190309T111323.slp,1.7.1,28,2,7 19,15533,1
Gang-Steals\20\Game_20190309T111923.slp,1.7.1,8,2,20 0,12809,1
Gang-Steals\20\Game_20190309T112311.slp,1.7.1,31,2,20 0,10997,1
Gang-Steals\20\Game_20190309T112816.slp,1.7.1,31,2,20 9,4040,1
Gang-Steals\20\Game_20190309T112956.slp,1.7.1,8,2,20 9,8601,1
Gang-Steals\20\Game_20190309T113234.slp,1.7.1,31,2,20 9,12617,1
Gang-Steals\20\Game_20190309T113734.slp,1.7.1,28,2,20 20,4192,1
Gang-Steals\20\Game_20190309T113913.slp,1.7.1,28,2,20 20,8423,1
Gang-Steals\20\Game_20190309T114201.slp,1.7.1,31,2,20 20,10037,1
Gang-Steals\20\Game_20190309T115213.slp,1.7.1,8,2,0 2,9302,1
Gang-Steals\20\Game_20190309T115505.slp,1.7.1,8,2,0 2,10293,1
Gang-Steals\20\Game_20190309T115814.slp,1.7.1,28,2,0 2,9718,1
Gang-Steals\20\Game_20190309T120437.slp,1.7.1,28,3,16 2 19,3401,1
Gang-Steals\20\Game_20190309T120608.slp,1.7.1,8,2,16 19,9426,1
Gang-Steals\20\Game_20190309T121125.slp,1.7.1,31,2,7 20,11540,1
Gang-Steals\20\Game_20190309T121453.slp,1.7.1,28,2,7 20,12148,1
Gang-Steals\20\Game_20190309T122612.slp,1.7.1,31,4,2 20 9 19,9085,1
Gang-Steals\20\Game_20190309T122915.slp,1.7.1,3,4,2 20 9 19,11868,1
Gang-Steals\20\Game_20190309T123717.slp,1.7.1,31,4,2 2 9 2,10189,1
Gang-Steals\20\Game_20190309T124050.slp,1.7.1,32,4,2 2 9 2,9412,1
Gang-Steals\20\Game_20190309T124848.slp,1.7.1,31,4,9 2 20 21,8662,1
Gang-Steals\20\Game_20190309T125143.slp,1.7.1,3,4,9 2 20 21,12389,1
Gang-Steals\20\Game_20190309T125543.slp,1.7.1,32,4,9 2 20 21,10887,1
Gang-Steals\20\Game_20190309T131733.slp,1.7.1,31,4,2 2 20 19,12097,1
Gang-Steals\20\Game_20190309T132145.slp,1.7.1,3,4,2 2 20 19,8894,1
Gang-Steals\20\Game_20190309T132454.slp,1.7.1,8,4,2 2 20 19,12298,1
Gang-Steals\20\Game_20190309T132940.slp,1.7.1,31,4,2 12 19 19,16555,1
Gang-Steals\20\Game_20190309T133445.slp,1.7.1,8,4,2 12 19 19,11657,1
Gang-Steals\20\Game_20190309T134414.slp,1.7.1,31,2,20 2,12784,1
Gang-Steals\20\Game_20190309T134811.slp,1.7.1,31,2,20 2,12613,1
Gang-Steals\20\Game_20190309T135346.slp,1.7.1,8,2,0 2,8504,1
Gang-Steals\20\Game_20190309T135625.slp,1.7.1,31,2,0 2,10491,1
Gang-Steals\20\Game_20190309T141238.slp,1.7.1,2,2,9 20,10448,1
Gang-Steals\20\Game_20190309T141554.slp,1.7.1,31,2,9 20,10323,1
Gang-Steals\20\Game_20190309T142253.slp,1.7.1,31,2,2 19,9343,1
Gang-Steals\20\Game_20190309T142547.slp,1.7.1,28,2,2 19,11398,1
Gang-Steals\20\Game_20190309T143134.slp,1.7.1,31,2,20 12,9253,1
Gang-Steals\20\Game_20190309T143428.slp,1.7.1,31,2,20 12,9020,1
Gang-Steals\20\Game_20190309T143716.slp,1.7.1,31,2,20 12,9989,1
Gang-Steals\20\Game_20190309T144022.slp,1.7.1,31,2,2 9,6891,1
Gang-Steals\20\Game_20190309T144304.slp,1.7.1,32,2,20 12,8101,1
Gang-Steals\20\Game_20190309T144535.slp,1.7.1,3,2,12 9,6858,1
Gang-Steals\20\Game_20190309T144747.slp,1.7.1,28,2,20 12,4343,1
Gang-Steals\20\Game_20190309T145413.slp,1.7.1,8,2,15 3,11563,1
Gang-Steals\20\Game_20190309T145753.slp,1.7.1,32,2,15 3,12409,1
Gang-Steals\20\Game_20190309T150416.slp,1.7.1,8,2,14 2,12174,1
Gang-Steals\20\Game_20190309T150804.slp,1.7.1,28,2,14 2,11087,1
Gang-Steals\20\Game_20190309T151128.slp,1.7.1,3,2,14 2,15034,1
Gang-Steals\20\Game_20190309T152305.slp,1.7.1,31,2,20 15,1711,1
Gang-Steals\20\Game_20190309T152419.slp,1.7.1,31,2,20 15,13606,1
Gang-Steals\20\Game_20190309T152821.slp,1.7.1,3,2,20 15,13913,1
Gang-Steals\20\Game_20190309T153228.slp,1.7.1,3,2,20 15,9643,1
Gang-Steals\20\Game_20190309T153653.slp,1.7.1,31,2,2 2,12266,1
Gang-Steals\20\Game_20190309T154035.slp,1.7.1,8,2,2 2,8629,1
Gang-Steals\20\Game_20190309T154319.slp,1.7.1,32,2,2 2,7789,1
Gang-Steals\20\Game_20190309T160029.slp,1.7.1,31,2,19 0,2298,1
Gang-Steals\20\Game_20190309T160146.slp,1.7.1,31,2,19 0,9624,1
Gang-Steals\20\Game_20190309T160440.slp,1.7.1,32,2,19 0,9118,1
Gang-Steals\20\Game_20190309T160732.slp,1.7.1,32,2,19 0,13709,1
Gang-Steals\20\Game_20190309T161156.slp,1.7.1,2,2,19 0,6687,1
Gang-Steals\20\Game_20190309T161438.slp,1.7.1,28,2,19 0,13580,1
Gang-Steals\20\Game_20190309T162123.slp,1.7.1,8,2,20 2,8614,1
Gang-Steals\20\Game_20190309T162402.slp,1.7.1,2,2,20 2,9368,1
Gang-Steals\20\Game_20190309T162704.slp,1.7.1,8,2,20 2,9005,1
Gang-Steals\20\Game_20190309T163000.slp,1.7.1,31,2,20 2,3380,1
Gang-Steals\20\Game_20190309T163253.slp,1.7.1,2,2,2 9,1561,1
Gang-Steals\20\Game_20190309T163342.slp,1.7.1,3,2,2 9,7653,1
Gang-Steals\20\Game_20190309T163604.slp,1.7.1,31,2,2 9,9192,1
Gang-Steals\20\Game_20190309T163852.slp,1.7.1,28,2,2 9,9886,1
Gang-Steals\20\Game_20190309T164154.slp,1.7.1,32,2,2 9,13699,1
Gang-Steals\20\Game_20190309T164601.slp,1.7.1,3,2,2 9,12124,1
Gang-Steals\21\Game_20190309T093609.slp,1.7.1,28,2,17 2,347,1
Gang-Steals\21\Game_20190309T093641.slp,1.7.1,32,2,17 2,7554,1
Gang-Steals\21\Game_20190309T093908.slp,1.7.1,31,2,2 20,2470,1
Gang-Steals\21\Game_20190309T094016.slp,1.7.1,8,2,2 0,10089,1
Gang-Steals\21\Game_20190309T094318.slp,1.7.1,3,2,2 0,9850,1
Gang-Steals\21\Game_20190309T094618.slp,1.7.1,31,2,20 0,12207,1
Gang-Steals\21\Game_20190309T094956.slp,1.7.1,2,2,20 0,9602,1
Gang-Steals\21\Game_20190309T095251.slp,1.7.1,8,2,20 0,12027,1
Gang-Steals\21\Game_20190309T095625.slp,1.7.1,32,2,2 0,9614,1
Gang-Steals\21\Game_20190309T101725.slp,1.7.1,32,2,9 20,300,1
Gang-Steals\21\Game_20190309T101807.slp,1.7.1,32,2,9 20,4686,1
Gang-Steals\21\Game_20190309T102451.slp,1.7.1,31,2,9 20,6278,1
Gang-Steals\21\Game_20190309T102650.slp,1.7.1,31,2,9 20,4019,1
Gang-Steals\21\Game_20190309T102812.slp,1.7.1,31,2,9 20,3913,1
Gang-Steals\21\Game_20190309T103037.slp,1.7.1,28,2,9 14,7097,1
Gang-Steals\21\Game_20190309T103304.slp,1.7.1,8,2,9 14,8707,1
Gang-Steals\21\Game_20190309T103908.slp,1.7.1,28,2,19 9,4486,1
Gang-Steals\21\Game_20190309T104127.slp,1.7.1,31,2,19 14,1455,1
Gang-Steals\21\Game_20190309T104208.slp,1.7.1,8,2,18 14,10463,1
Gang-Steals\21\Game_20190309T104521.slp,1.7.1,28,2,18 14,13973,1
Gang-Steals\21\Game_20190309T105031.slp,1.7.1,31,2,12 9,9947,1
Gang-Steals\21\Game_20190309T105331.slp,1.7.1,31,2,12 9,16845,1
Gang-Steals\21\Game_20190309T110808.slp,1.7.1,28,2,19 9,13909,1
Gang-Steals\21\Game_20190309T111217.slp,1.7.1,8,2,19 9,10822,1
Gang-Steals\21\Game_20190309T111532.slp,1.7.1,28,2,19 9,15009,1
Gang-Steals\21\Game_20190309T112016.slp,1.7.1,8,2,19 9,13743,1
Gang-Steals\21\Game_20190309T112445.slp,1.7.1,28,2,19 9,13032,1
Gang-Steals\21\Game_20190309T112842.slp,1.7.1,8,2,18 9,5854,1
Gang-Steals\21\Game_20190309T113552.slp,1.7.1,31,2,2 7,7707,1
Gang-Steals\21\Game_20190309T113839.slp,1.7.1,28,2,2 7,11648,1
Gang-Steals\21\Game_20190309T114411.slp,1.7.1,31,2,8 25,10670,1
Gang-Steals\21\Game_20190309T114723.slp,1.7.1,2,2,8 25,10224,1
Gang-Steals\21\Game_20190309T115035.slp,1.7.1,28,2,8 25,9676,1
Gang-Steals\21\Game_20190309T115425.slp,1.7.1,31,2,0 21,3718,1
Gang-Steals\21\Game_20190309T120221.slp,1.7.1,31,2,2 9,11413,1
Gang-Steals\21\Game_20190309T120547.slp,1.7.1,28,2,2 9,12694,1
Gang-Steals\21\Game_20190309T121052.slp,1.7.1,31,2,16 2,1951,1
Gang-Steals\21\Game_20190309T121208.slp,1.7.1,31,2,16 2,12359,1
Gang-Steals\21\Game_20190309T121548.slp,1.7.1,8,2,16 2,10808,1
Gang-Steals\21\Game_20190309T122734.slp,1.7.1,31,2,20 17,3131,1
Gang-Steals\21\Game_20190309T122840.slp,1.7.1,31,2,20 17,9851,1
Gang-Steals\21\Game_20190309T123141.slp,1.7.1,8,2,20 17,12053,1
Gang-Steals\21\Game_20190309T123648.slp,1.7.1,31,2,2 2,5942,1
Gang-Steals\21\Game_20190309T123852.slp,1.7.1,3,2,2 2,13217,1
Gang-Steals\21\Game_20190309T124408.slp,1.7.1,31,2,2 21,8145,1
Gang-Steals\21\Game_20190309T124646.slp,1.7.1,28,2,2 21,7495,1
Gang-Steals\21\Game_20190309T131001.slp,1.7.1,31,2,0 9,11136,1
Gang-Steals\21\Game_20190309T131321.slp,1.7.1,32,2,0 9,7297,1
Gang-Steals\21\Game_20190309T131837.slp,1.7.1,31,2,2 9,12450,1
Gang-Steals\21\Game_20190309T132228.slp,1.7.1,2,2,2 9,12673,1
Gang-Steals\21\Game_20190309T132614.slp,1.7.1,8,2,2 9,11766,1
Gang-Steals\21\Game_20190309T142059.slp,1.7.1,32,2,2 12,13335,1
Gang-Steals\21\Game_20190309T142508.slp,1.7.1,32,2,2 12,12380,1
Gang-Steals\21\Game_20190309T142855.slp,1.7.1,32,2,2 2,5248,1
Gang-Steals\21\Game_20190309T143057.slp,1.7.1,32,2,2 12,7056,1
Gang-Steals\21\Game_20190309T143312.slp,1.7.1,32,2,2 12,7571,1
Gang-Steals\21\Game_20190309T143538.slp,1.7.1,32,2,2 5,6087,1
Gang-Steals\21\Game_20190309T143738.slp,1.7.1,28,2,2 5,6134,1
Gang-Steals\21\Game_20190309T143942.slp,1.7.1,8,2,2 5,5506,1
Gang-Steals\21\Game_20190309T144136.slp,1.7.1,28,2,2 9,7400,1
Gang-Steals\21\Game_20190309T144355.slp,1.7.1,8,2,2 9,4816,1
Gang-Steals\21\Game_20190309T144541.slp,1.7.1,28,2,2 9,4848,1
Gang-Steals\21\Game_20190309T144723.slp,1.7.1,8,2,2 15,9319,1
Gang-Steals\21\Game_20190309T145014.slp,1.7.1,28,2,2 15,8245,1
Gang-Steals\21\Game_20190309T145253.slp,1.7.1,8,2,2 15,7535,1
Gang-Steals\21\Game_20190309T145522.slp,1.7.1,8,2,2 0,6509,1
Gang-Steals\21\Game_20190309T145834.slp,1.7.1,31,2,12 7,14561,1
Gang-Steals\21\Game_20190309T150256.slp,1.7.1,32,2,12 7,17081,1
Gang-Steals\21\Game_20190309T150929.slp,1.7.1,31,2,2 14,16406,1
Gang-Steals\21\Game_20190309T151442.slp,1.7.1,31,2,2 14,17593,1
Gang-Steals\21\Game_20190309T152010.slp,1.7.1,2,2,2 14,17094,1
Gang-Steals\21\Game_20190309T152512.slp,1.7.1,28,2,2 14,13977,1
Gang-Steals\21\Game_20190309T152921.slp,1.7.1,32,2,2 14,10267,1
Gang-Steals\21\Game_20190309T153228.slp,1.7.1,8,2,2 14,10439,1
Gang-Steals\21\Game_20190309T153622.slp,1.7.1,31,2,2 14,9438,1
Gang-Steals\21\Game_20190309T153920.slp,1.7.1,28,2,2 14,12182,1
Gang-Steals\21\Game_20190309T154300.slp,1.7.1,2,2,2 14,12979,1
Gang-Steals\21\Game_20190309T154659.slp,1.7.1,32,2,2 2,10988,1
Gang-Steals\21\Game_20190309T155021.slp,1.7.1,8,2,2 14,13113,1
Gang-Steals\21\Game_20190309T155417.slp,1.7.1,2,2,2 14,12419,1
Gang-Steals\21\Game_20190309T155801.slp,1.7.1,8,2,2 14,24808,1
Gang-Steals\21\Game_20190309T160552.slp,1.7.1,31,2,9 9,3226,1
Gang-Steals\21\Game_20190309T160703.slp,1.7.1,32,2,9 9,10378,1
Gang-Steals\21\Game_20190309T161019.slp,1.7.1,32,2,9 9,12707,1
Gang-Steals\21\Game_20190309T161544.slp,1.7.1,31,2,9 9,5225,1
Gang-Steals\21\Game_20190309T161829.slp,1.7.1,2,2,9 9,357,1
Gang-Steals\21\Game_20190309T161853.slp,1.7.1,2,2,9 9,13633,1
Gang-Steals\21\Game_20190309T162311.slp,1.7.1,31,2,2 19,10364,1
Gang-Steals\21\Game_20190309T163055.slp,1.7.1,31,2,2 19,1526,1
Gang-Steals\21\Game_20190309T163222.slp,1.7.1,28,2,2 19,11788,1
Gang-Steals\21\Game_20190309T163606.slp,1.7.1,3,2,2 19,5957,1
Gang-Steals\21\Game_20190309T163805.slp,1.7.1,2,2,2 19,12490,1
Gang-Steals\21\Game_20190309T164324.slp,1.7.1,28,2,15 2,2376,1
Gang-Steals\21\Game_20190309T164521.slp,1.7.1,31,2,9 9,15365,1
Gang-Steals\21\Game_20190309T165001.slp,1.7.1,32,2,9 9,13822,1
Gang-Steals\21\Game_20190309T165422.slp,1.7.1,32,2,9 9,14091,1
Gang-Steals\21\Game_20190309T173214.slp,1.7.1,10,2,7 20,10782,1
Gang-Steals\21\Game_20190309T173549.slp,1.7.1,17,2,7 20,5592,1
Gang-Steals\21\Game_20190309T173745.slp,1.7.1,5,2,20 20,4010,1
Gang-Steals\21\Game_20190309T173910.slp,1.7.1,5,2,15 9,5322,1
Gang-Steals\21\Game_20190309T174128.slp,1.7.1,5,2,1 1,6248,1
Gang-Steals\21\Game_20190309T174334.slp,1.7.1,7,2,1 1,3964,1
Gang-Steals\21\Game_20190309T174456.slp,1.7.1,7,2,2 2,6975,1
Gang-Steals\21\Game_20190309T174719.slp,1.7.1,7,2,20 20,5566,1
Gang-Steals\21\Game_20190309T174914.slp,1.7.1,6,2,7 20,7877,1
Gang-Steals\21\Game_20190309T175201.slp,1.7.1,32,2,22 20,8898,1
Gang-Steals\21\Game_20190309T175907.slp,1.7.1,31,2,2 20,18274,1
Gang-Steals\21\Game_20190309T180502.slp,1.7.1,31,2,12 20,4413,1
Gang-Steals\21\Game_20190309T180649.slp,1.7.1,2,2,2 7,9,1
Gang-Steals\21\Game_20190309T180702.slp,1.7.1,8,2,2 7,8157,1
Gang-Steals\21\Game_20190309T180936.slp,1.7.1,28,2,2 7,8206,1
Gang-Steals\21\Game_20190309T181208.slp,1.7.1,31,2,2 7,3619,1
Gang-Steals\22\Game_20190309T105026.slp,1.7.1,31,2,19 9,7930,1
Gang-Steals\22\Game_20190309T105259.slp,1.7.1,3,2,19 2,7599,1
Gang-Steals\22\Game_20190309T112447.slp,1.7.1,31,2,0 14,2385,1
Gang-Steals\22\Game_20190309T112544.slp,1.7.1,31,2,0 14,11252,1
Gang-Steals\22\Game_20190309T112936.slp,1.7.1,28,2,0 14,13728,1
Gang-Steals\22\Game_20190309T113541.slp,1.7.1,31,2,0 19,11452,1
Gang-Steals\22\Game_20190309T113912.slp,1.7.1,31,2,0 19,8845,1
Gang-Steals\22\Game_20190309T114339.slp,1.7.1,31,2,20 18,520,1
Gang-Steals\22\Game_20190309T114427.slp,1.7.1,31,2,20 2,4451,1
Gang-Steals\22\Game_20190309T114557.slp,1.7.1,31,2,20 2,6479,1
Gang-Steals\22\Game_20190309T115049.slp,1.7.1,31,2,20 12,1376,1
Gang-Steals\22\Game_20190309T115144.slp,1.7.1,31,2,0 21,11269,1
Gang-Steals\22\Game_20190309T115506.slp,1.7.1,31,2,0 21,11170,1
Gang-Steals\22\Game_20190309T115846.slp,1.7.1,32,2,0 21,5511,1
Gang-Steals\22\Game_20190309T120149.slp,1.7.1,31,2,9 25,12650,1
Gang-Steals\22\Game_20190309T120536.slp,1.7.1,31,2,9 25,10916,1
Gang-Steals\22\Game_20190309T121509.slp,1.7.1,2,2,2 9,9745,1
Gang-Steals\22\Game_20190309T121824.slp,1.7.1,2,2,20 9,9871,1
Gang-Steals\22\Game_20190309T122410.slp,1.7.1,28,2,12 19,21943,1
Gang-Steals\22\Game_20190309T123459.slp,1.7.1,31,2,7 7,13124,1
Gang-Steals\22\Game_20190309T123855.slp,1.7.1,32,2,7 7,13180,1
Gang-Steals\22\Game_20190309T131130.slp,1.7.1,31,2,0 2,12060,1
Gang-Steals\22\Game_20190309T131529.slp,1.7.1,31,2,0 2,2637,1
Gang-Steals\22\Game_20190309T131635.slp,1.7.1,31,2,14 9,10758,1
Gang-Steals\22\Game_20190309T131951.slp,1.7.1,3,2,14 9,5059,1
Gang-Steals\22\Game_20190309T132554.slp,1.7.1,8,2,0 2,5908,1
Gang-Steals\22\Game_20190309T132751.slp,1.7.1,3,2,0 2,6710,1
Gang-Steals\22\Game_20190309T134812.slp,1.7.1,31,4,19 19 12 2,7292,1
Gang-Steals\22\Game_20190309T135038.slp,1.7.1,8,4,9 19 12 2,7790,1
Gang-Steals\22\Game_20190309T140528.slp,1.7.1,31,4,14 18 12 2,21838,1
Gang-Steals\22\Game_20190309T155409.slp,1.7.1,31,2,9 19,9716,1
Gang-Steals\22\Game_20190309T155706.slp,1.7.1,31,2,9 19,9012,1
Gang-Steals\22\Game_20190309T160628.slp,1.7.1,2,2,16 3,17576,1
Gang-Steals\22\Game_20190309T161144.slp,1.7.1,31,2,16 3,14145,1
Gang-Steals\22\Game_20190309T173757.slp,1.7.1,2,2,17 17,12769,1
Gang-Steals\22\Game_20190309T174146.slp,1.7.1,2,2,17 17,1144,1
Gang-Steals\22\Game_20190309T174238.slp,1.7.1,3,2,17 17,10083,1
Gang-Steals\22\Game_20190309T174602.slp,1.7.1,31,2,17 17,8014,1
Gang-Steals\22\Game_20190309T174837.slp,1.7.1,28,2,17 17,8991,1
Gang-Steals\23\Game_20190309T092654.slp,1.7.1,8,2,2 12,6602,1
Gang-Steals\23\Game_20190309T093241.slp,1.7.1,31,2,19 15,1455,1
Gang-Steals\23\Game_20190309T093336.slp,1.7.1,31,2,19 9,12321,1
Gang-Steals\23\Game_20190309T093718.slp,1.7.1,8,2,19 9,8326,1
Gang-Steals\23\Game_20190309T093953.slp,1.7.1,28,2,19 9,6785,1
Gang-Steals\23\Game_20190309T094202.slp,1.7.1,2,2,19 9,12302,1
Gang-Steals\23\Game_20190309T094549.slp,1.7.1,32,2,19 9,12426,1
Gang-Steals\23\Game_20190309T095721.slp,1.7.1,3,2,19 9,7845,1
Gang-Steals\23\Game_20190309T100043.slp,1.7.1,8,2,2 9,6611,1
Gang-Steals\23\Game_20190309T100349.slp,1.7.1,3,2,19 19,16184,1
Gang-Steals\23\Game_20190309T100837.slp,1.7.1,31,2,19 20,10034,1
Gang-Steals\23\Game_20190309T101222.slp,1.7.1,31,2,19 19,5772,1
Gang-Steals\23\Game_20190309T101412.slp,1.7.1,31,2,19 19,14759,1
Gang-Steals\23\Game_20190309T101838.slp,1.7.1,28,2,12 19,11110,1
Gang-Steals\23\Game_20190309T102439.slp,1.7.1,31,2,20 9,10393,1
Gang-Steals\23\Game_20190309T102757.slp,1.7.1,8,2,20 9,7032,1
Gang-Steals\23\Game_20190309T103320.slp,1.7.1,28,2,14 19,21168,1
Gang-Steals\23\Game_20190309T103940.slp,1.7.1,8,2,14 19,13612,1
Gang-Steals\23\Game_20190309T104429.slp,1.7.1,31,2,12 9,13181,1
Gang-Steals\23\Game_20190309T104900.slp,1.7.1,31,2,12 9,10461,1
Gang-Steals\23\Game_20190309T105240.slp,1.7.1,28,2,12 9,15465,1
Gang-Steals\23\Game_20190309T105726.slp,1.7.1,32,2,12 9,10552,1
Gang-Steals\23\Game_20190309T110039.slp,1.7.1,2,2,12 9,13939,1
Gang-Steals\23\Game_20190309T110516.slp,1.7.1,31,2,12 9,14471,1
Gang-Steals\23\Game_20190309T110935.slp,1.7.1,32,2,12 9,11152,1
Gang-Steals\23\Game_20190309T111303.slp,1.7.1,8,2,12 9,12108,1
Gang-Steals\23\Game_20190309T111643.slp,1.7.1,28,2,12 9,15847,1
Gang-Steals\23\Game_20190309T112135.slp,1.7.1,31,2,12 9,3465,1
Gang-Steals\23\Game_20190309T112317.slp,1.7.1,31,2,20 19,2210,1
Gang-Steals\23\Game_20190309T112422.slp,1.7.1,31,2,20 19,2435,1
Gang-Steals\23\Game_20190309T112553.slp,1.7.1,31,2,20 19,10624,1
Gang-Steals\23\Game_20190309T112919.slp,1.7.1,8,2,20 19,6739,1
Gang-Steals\23\Game_20190309T113359.slp,1.7.1,31,2,9 20,3326,1
Gang-Steals\23\Game_20190309T113525.slp,1.7.1,31,2,9 20,11893,1
Gang-Steals\23\Game_20190309T113857.slp,1.7.1,3,2,9 20,7151,1
Gang-Steals\23\Game_20190309T114653.slp,1.7.1,31,2,2 20,953,1
Gang-Steals\23\Game_20190309T114905.slp,1.7.1,8,2,2 2,8610,1
Gang-Steals\23\Game_20190309T115149.slp,1.7.1,32,2,2 2,2821,1
Gang-Steals\23\Game_20190309T115402.slp,1.7.1,28,2,20 14,7546,1
Gang-Steals\23\Game_20190309T115638.slp,1.7.1,31,2,20 14,11856,1
Gang-Steals\23\Game_20190309T120018.slp,1.7.1,31,2,20 14,9607,1
Gang-Steals\23\Game_20190309T120506.slp,1.7.1,31,2,9 21,8316,1
Gang-Steals\23\Game_20190309T120750.slp,1.7.1,32,2,9 21,8355,1
Gang-Steals\23\Game_20190309T121328.slp,1.7.1,2,2,20 20,8993,1
Gang-Steals\23\Game_20190309T121620.slp,1.7.1,31,2,20 20,5276,1
Gang-Steals\23\Game_20190309T121941.slp,1.7.1,28,2,18 7,248,1
Gang-Steals\23\Game_20190309T122035.slp,1.7.1,2,2,19 7,11144,1
Gang-Steals\23\Game_20190309T122415.slp,1.7.1,32,2,19 7,11612,1
Gang-Steals\23\Game_20190309T122751.slp,1.7.1,31,2,19 7,14078,1
Gang-Steals\23\Game_20190309T124204.slp,1.7.1,31,2,9 9,8893,1
Gang-Steals\23\Game_20190309T124454.slp,1.7.1,3,2,9 9,14295,1
Gang-Steals\23\Game_20190309T125526.slp,1.7.1,8,2,2 9,3804,1
Gang-Steals\23\Game_20190309T125751.slp,1.7.1,31,2,2 20,10604,1
Gang-Steals\23\Game_20190309T130109.slp,1.7.1,31,2,2 9,9816,1
Gang-Steals\23\Game_20190309T130836.slp,1.7.1,2,2,12 2,8460,1
Gang-Steals\23\Game_20190309T131115.slp,1.7.1,31,2,12 2,15048,1
Gang-Steals\23\Game_20190309T131626.slp,1.7.1,2,2,2 9,12436,1
Gang-Steals\23\Game_20190309T132010.slp,1.7.1,2,2,2 9,11131,1
Gang-Steals\23\Game_20190309T132527.slp,1.7.1,31,2,15 2,16023,1
Gang-Steals\23\Game_20190309T133012.slp,1.7.1,31,2,15 2,9684,1
Gang-Steals\23\Game_20190309T133541.slp,1.7.1,8,2,2 0,7672,1
Gang-Steals\23\Game_20190309T133807.slp,1.7.1,3,2,2 0,12408,1
Gang-Steals\23\Game_20190309T134637.slp,1.7.1,32,2,20 2,2199,1
Gang-Steals\23\Game_20190309T135608.slp,1.7.1,31,2,14 9,14428,1
Gang-Steals\23\Game_20190309T140053.slp,1.7.1,8,2,14 9,13065,1
Gang-Steals\23\Game_20190309T140524.slp,1.7.1,2,2,14 9,14908,1
Gang-Steals\23\Game_20190309T141047.slp,1.7.1,31,2,14 20,9283,1
Gang-Steals\23\Game_20190309T141339.slp,1.7.1,31,2,14 20,6965,1
Gang-Steals\23\Game_20190309T141558.slp,1.7.1,32,2,14 20,9061,1
Gang-Steals\23\Game_20190309T141944.slp,1.7.1,31,2,2 9,10066,1
Gang-Steals\23\Game_20190309T142247.slp,1.7.1,3,2,2 9,8225,1
Gang-Steals\23\Game_20190309T142529.slp,1.7.1,32,2,2 9,7282,1
Gang-Steals\23\Game_20190309T143148.slp,1.7.1,31,2,19 9,16441,1
Gang-Steals\23\Game_20190309T143639.slp,1.7.1,8,2,19 9,15658,1
Gang-Steals\23\Game_20190309T144237.slp,1.7.1,2,2,19 12,12511,1
Gang-Steals\23\Game_20190309T144623.slp,1.7.1,31,2,19 12,8699,1
Gang-Steals\23\Game_20190309T144940.slp,1.7.1,31,2,0 2,9306,1
Gang-Steals\23\Game_20190309T145231.slp,1.7.1,32,2,0 14,13582,1
Gang-Steals\23\Game_20190309T145718.slp,1.7.1,31,2,0 14,11542,1
Gang-Steals\23\Game_20190309T150255.slp,1.7.1,31,2,20 2,8450,1
Gang-Steals\23\Game_20190309T150531.slp,1.7.1,8,2,20 2,11831,1
Gang-Steals\23\Game_20190309T151128.slp,1.7.1,31,2,0 1,9539,1
Gang-Steals\23\Game_20190309T151439.slp,1.7.1,8,2,0 9,5070,1
Gang-Steals\23\Game_20190309T151628.slp,1.7.1,28,2,19 9,8157,1
Gang-Steals\23\Game_20190309T151906.slp,1.7.1,32,2,19 14,7241,1
Gang-Steals\23\Game_20190309T152124.slp,1.7.1,31,2,2 14,9025,1
Gang-Steals\23\Game_20190309T152439.slp,1.7.1,8,2,2 20,4899,1
Gang-Steals\23\Game_20190309T152617.slp,1.7.1,31,2,20 20,6075,1
Gang-Steals\23\Game_20190309T152830.slp,1.7.1,32,2,20 2,6507,1
Gang-Steals\23\Game_20190309T153118.slp,1.7.1,31,2,0 15,10209,1
Gang-Steals\23\Game_20190309T153450.slp,1.7.1,8,2,0 19,5494,1
Gang-Steals\23\Game_20190309T153641.slp,1.7.1,32,2,19 18,7107,1
Gang-Steals\23\Game_20190309T153856.slp,1.7.1,32,2,19 14,3228,1
Gang-Steals\23\Game_20190309T154005.slp,1.7.1,31,2,2 14,10133,1
Gang-Steals\23\Game_20190309T154331.slp,1.7.1,31,2,2 20,5743,1
Gang-Steals\23\Game_20190309T154524.slp,1.7.1,28,2,15 20,9527,1
Gang-Steals\23\Game_20190309T154829.slp,1.7.1,3,2,15 2,9726,1
Gang-Steals\23\Game_20190309T155509.slp,1.7.1,28,2,0 12,14019,1
Gang-Steals\23\Game_20190309T155923.slp,1.7.1,28,2,0 12,11390,1
Gang-Steals\23\Game_20190309T160538.slp,1.7.1,31,2,19 9,9536,1
Gang-Steals\23\Game_20190309T160837.slp,1.7.1,32,2,19 9,9626,1
Gang-Steals\23\Game_20190309T161141.slp,1.7.1,32,2,19 9,14087,1
Gang-Steals\23\Game_20190309T161554.slp,1.7.1,28,2,19 9,11363,1
Gang-Steals\23\Game_20190309T161926.slp,1.7.1,3,2,19 9,15385,1
Gang-Steals\23\Game_20190309T162634.slp,1.7.1,8,2,12 2,8742,1
Gang-Steals\23\Game_20190309T162917.slp,1.7.1,31,2,12 2,8551,1
Gang-Steals\23\Game_20190309T163200.slp,1.7.1,28,2,12 2,19577,1
Gang-Steals\23\Game_20190309T170521.slp,1.7.1,2,2,2 2,6911,1
Gang-Steals\23\Game_20190309T170756.slp,1.7.1,2,2,2 2,8228,1
Gang-Steals\23\Game_20190309T171034.slp,1.7.1,28,2,2 2,5329,1
Gang-Steals\23\Game_20190309T171934.slp,1.7.1,32,2,7 19,12206,1
Gang-Steals\23\Game_20190309T172313.slp,1.7.1,31,2,7 19,11385,1
Gang-Steals\23\Game_20190309T172639.slp,1.7.1,28,2,7 19,11787,1
Gang-Steals\23\Game_20190309T173013.slp,1.7.1,32,2,7 19,12892,1
Gang-Steals\23\Game_20190309T173405.slp,1.7.1,2,2,7 2,13153,1
Gang-Steals\23\Game_20190309T174045.slp,1.7.1,31,2,20 19,5153,1
Gang-Steals\23\Game_20190309T174238.slp,1.7.1,8,2,19 19,1125,1
Gang-Steals\23\Game_20190309T174313.slp,1.7.1,8,2,19 19,8686,1
Gang-Steals\23\Game_20190309T174600.slp,1.7.1,8,2,19 2,2808,1
Gang-Steals\23\Game_20190309T174711.slp,1.7.1,2,2,3 2,7061,1
Gang-Steals\23\Game_20190309T174935.slp,1.7.1,2,2,21 2,9642,1
Gang-Steals\23\Game_20190309T175242.slp,1.7.1,8,2,18 2,1181,1
Gang-Steals\23\Game_20190309T175320.slp,1.7.1,8,2,18 2,7355,1
Gang-Steals\23\Game_20190309T175631.slp,1.7.1,31,2,2 2,10739,1
Gang-Steals\23\Game_20190309T180016.slp,1.7.1,3,2,2 2,11434,1
Gang-Steals\23\Game_20190309T180351.slp,1.7.1,28,2,2 2,6124,1
Gang-Steals\24\Game_20190309T093418.slp,1.7.1,3,2,20 20,7987,1
Gang-Steals\24\Game_20190309T093645.slp,1.7.1,2,2,20 20,8634,1
Gang-Steals\24\Game_20190309T093924.slp,1.7.1,32,2,20 20,6880,1
Gang-Steals\24\Game_20190309T094133.slp,1.7.1,8,2,20 20,9412,1
Gang-Steals\24\Game_20190309T094426.slp,1.7.1,28,2,20 20,6687,1
Gang-Steals\24\Game_20190309T094629.slp,1.7.1,31,2,20 20,9679,1
Gang-Steals\24\Game_20190309T094925.slp,1.7.1,31,2,20 20,7316,1
Gang-Steals\24\Game_20190309T095151.slp,1.7.1,2,2,20 2,17,1
Gang-Steals\24\Game_20190309T095210.slp,1.7.1,32,2,20 2,11784,1
Gang-Steals\24\Game_20190309T095551.slp,1.7.1,8,2,20 2,6194,1
Gang-Steals\24\Game_20190309T095749.slp,1.7.1,3,2,20 2,4208,1
Gang-Steals\24\Game_20190309T100955.slp,1.7.1,28,2,20 2,12082,1
Gang-Steals\24\Game_20190309T101345.slp,1.7.1,31,2,20 2,9542,1
Gang-Steals\24\Game_20190309T102043.slp,1.7.1,31,2,19 2,5591,1
Gang-Steals\24\Game_20190309T102243.slp,1.7.1,32,2,19 2,11014,1
Gang-Steals\24\Game_20190309T102558.slp,1.7.1,28,2,19 2,7814,1
Gang-Steals\24\Game_20190309T102823.slp,1.7.1,2,2,19 2,7666,1
Gang-Steals\24\Game_20190309T103045.slp,1.7.1,3,2,19 2,8244,1
Gang-Steals\24\Game_20190309T103316.slp,1.7.1,8,2,19 2,9684,1
Gang-Steals\24\Game_20190309T103611.slp,1.7.1,31,2,19 2,11309,1
Gang-Steals\24\Game_20190309T103934.slp,1.7.1,8,2,19 2,3650,1
Gang-Steals\24\Game_20190309T104316.slp,1.7.1,31,2,14 20,9644,1
Gang-Steals\24\Game_20190309T104616.slp,1.7.1,3,2,14 20,18266,1
Gang-Steals\24\Game_20190309T105225.slp,1.7.1,32,2,0 20,9034,1
Gang-Steals\24\Game_20190309T105525.slp,1.7.1,3,2,0 20,7377,1
Gang-Steals\24\Game_20190309T105746.slp,1.7.1,2,2,0 20,6604,1
Gang-Steals\24\Game_20190309T110005.slp,1.7.1,28,2,0 20,6617,1
Gang-Steals\24\Game_20190309T110207.slp,1.7.1,28,2,0 20,9084,1
Gang-Steals\24\Game_20190309T110512.slp,1.7.1,3,2,9 0,7931,1
Gang-Steals\24\Game_20190309T110744.slp,1.7.1,8,2,0 9,12922,1
Gang-Steals\24\Game_20190309T111142.slp,1.7.1,32,2,9 0,12098,1
Gang-Steals\24\Game_20190309T111522.slp,1.7.1,31,2,0 9,6159,1
Gang-Steals\24\Game_20190309T111728.slp,1.7.1,32,2,0 9,5514,1
Gang-Steals\24\Game_20190309T111924.slp,1.7.1,2,2,0 20,7506,1
Gang-Steals\24\Game_20190309T112152.slp,1.7.1,31,2,0 20,8815,1
Gang-Steals\24\Game_20190309T112437.slp,1.7.1,3,2,0 20,10156,1
Gang-Steals\24\Game_20190309T112822.slp,1.7.1,8,2,0 9,8737,1
Gang-Steals\24\Game_20190309T113455.slp,1.7.1,31,2,15 9,3925,1
Gang-Steals\24\Game_20190309T113620.slp,1.7.1,31,2,15 9,14646,1
Gang-Steals\24\Game_20190309T114041.slp,1.7.1,3,2,15 9,7467,1
Gang-Steals\24\Game_20190309T114723.slp,1.7.1,31,2,2 0,7677,1
Gang-Steals\24\Game_20190309T115006.slp,1.7.1,8,2,2 0,5707,1
Gang-Steals\24\Game_20190309T115157.slp,1.7.1,31,2,2 0,7196,1
Gang-Steals\24\Game_20190309T115538.slp,1.7.1,28,2,0 9,9282,1
Gang-Steals\24\Game_20190309T115948.slp,1.7.1,31,2,9 14,9780,1
Gang-Steals\24\Game_20190309T120246.slp,1.7.1,31,2,9 14,11806,1
Gang-Steals\24\Game_20190309T120905.slp,1.7.1,31,2,0 19,8375,1
Gang-Steals\24\Game_20190309T121153.slp,1.7.1,8,2,0 19,10211,1
Gang-Steals\24\Game_20190309T121732.slp,1.7.1,31,2,20 20,13729,1
Gang-Steals\24\Game_20190309T122142.slp,1.7.1,28,2,20 20,10049,1
Gang-Steals\24\Game_20190309T122455.slp,1.7.1,8,2,20 20,12379,1
Gang-Steals\24\Game_20190309T123016.slp,1.7.1,3,2,20 2,9134,1
Gang-Steals\24\Game_20190309T123345.slp,1.7.1,31,2,9 16,17101,1
Gang-Steals\24\Game_20190309T123849.slp,1.7.1,31,2,9 19,14451,1
Gang-Steals\24\Game_20190309T124650.slp,1.7.1,31,2,9 0,9748,1
Gang-Steals\24\Game_20190309T125003.slp,1.7.1,28,2,9 0,12266,1
Gang-Steals\24\Game_20190309T125423.slp,1.7.1,8,2,9 0,8794,1
Gang-Steals\24\Game_20190309T130120.slp,1.7.1,31,2,20 20,5424,1
Gang-Steals\24\Game_20190309T130311.slp,1.7.1,28,2,19 20,7288,1
Gang-Steals\24\Game_20190309T130715.slp,1.7.1,31,2,0 2,3641,1
Gang-Steals\24\Game_20190309T130833.slp,1.7.1,31,2,0 2,8992,1
Gang-Steals\24\Game_20190309T131130.slp,1.7.1,32,2,0 2,9956,1
Gang-Steals\24\Game_20190309T131843.slp,1.7.1,31,2,2 2,9282,1
Gang-Steals\24\Game_20190309T132546.slp,1.7.1,31,2,2 15,9019,1
Gang-Steals\24\Game_20190309T132830.slp,1.7.1,31,2,2 15,7778,1
Gang-Steals\24\Game_20190309T133447.slp,1.7.1,31,2,7 14,13062,1
Gang-Steals\24\Game_20190309T133840.slp,1.7.1,8,2,7 14,9016,1
Gang-Steals\24\Game_20190309T134124.slp,1.7.1,8,2,7 14,10773,1
Gang-Steals\24\Game_20190309T134615.slp,1.7.1,31,2,2 0,5686,1
Gang-Steals\24\Game_20190309T134808.slp,1.7.1,8,2,2 0,6995,1
Gang-Steals\24\Game_20190309T135134.slp,1.7.1,28,2,2 9,13947,1
Gang-Steals\24\Game_20190309T135541.slp,1.7.1,2,2,2 9,10040,1
Gang-Steals\24\Game_20190309T135844.slp,1.7.1,3,2,2 9,13304,1
Gang-Steals\24\Game_20190309T141043.slp,1.7.1,31,2,2 0,10800,1
Gang-Steals\24\Game_20190309T141419.slp,1.7.1,28,2,2 9,12672,1
Gang-Steals\24\Game_20190309T141806.slp,1.7.1,2,2,2 9,9255,1
Gang-Steals\24\Game_20190309T142355.slp,1.7.1,32,2,20 20,10972,1
Gang-Steals\24\Game_20190309T142715.slp,1.7.1,32,2,20 20,7357,1
Gang-Steals\24\Game_20190309T143153.slp,1.7.1,31,2,9 0,8578,1
Gang-Steals\24\Game_20190309T143438.slp,1.7.1,8,2,9 20,6804,1
Gang-Steals\24\Game_20190309T143646.slp,1.7.1,3,2,9 0,10224,1
Gang-Steals\24\Game_20190309T144038.slp,1.7.1,28,2,12 20,9782,1
Gang-Steals\24\Game_20190309T144341.slp,1.7.1,28,2,12 20,13602,1
Gang-Steals\24\Game_20190309T144848.slp,1.7.1,31,2,2 22,12721,1
Gang-Steals\24\Game_20190309T145236.slp,1.7.1,2,2,2 22,10139,1
Gang-Steals\24\Game_20190309T145647.slp,1.7.1,31,2,12 9,16470,1
Gang-Steals\24\Game_20190309T150138.slp,1.7.1,3,2,12 9,12253,1
Gang-Steals\24\Game_20190309T150524.slp,1.7.1,32,2,12 9,12927,1
Gang-Steals\24\Game_20190309T151043.slp,1.7.1,31,2,20 9,9517,1
Gang-Steals\24\Game_20190309T151344.slp,1.7.1,28,2,0 9,13284,1
Gang-Steals\24\Game_20190309T151752.slp,1.7.1,8,2,20 9,8812,1
Gang-Steals\24\Game_20190309T152204.slp,1.7.1,2,2,20 12,11596,1
Gang-Steals\24\Game_20190309T152529.slp,1.7.1,28,2,20 12,19325,1
Gang-Steals\24\Game_20190309T153638.slp,1.7.1,32,2,20 9,9388,1
Gang-Steals\24\Game_20190309T153928.slp,1.7.1,2,2,20 9,12852,1
Gang-Steals\24\Game_20190309T154318.slp,1.7.1,28,2,20 9,9867,1
Gang-Steals\24\Game_20190309T154617.slp,1.7.1,8,2,20 9,9360,1
Gang-Steals\24\Game_20190309T154907.slp,1.7.1,8,2,20 9,9671,1
Gang-Steals\24\Game_20190309T155203.slp,1.7.1,2,2,20 9,9655,1
Gang-Steals\24\Game_20190309T155457.slp,1.7.1,31,2,20 9,11781,1
Gang-Steals\24\Game_20190309T155828.slp,1.7.1,28,2,20 9,18012,1
Gang-Steals\24\Game_20190309T160347.slp,1.7.1,31,2,20 2,90,1
Gang-Steals\24\Game_20190309T160405.slp,1.7.1,31,2,20 2,5592,1
Gang-Steals\24\Game_20190309T160606.slp,1.7.1,8,2,20 2,9918,1
Gang-Steals\24\Game_20190309T160922.slp,1.7.1,28,2,14 2,15149,1
Gang-Steals\24\Game_20190309T161405.slp,1.7.1,31,2,20 2,12702,1
Gang-Steals\24\Game_20190309T162128.slp,1.7.1,31,2,0 2,1050,1
Gang-Steals\24\Game_20190309T162240.slp,1.7.1,31,2,0 2,13080,1
Gang-Steals\24\Game_20190309T162636.slp,1.7.1,3,2,0 2,14505,1
Gang-Steals\24\Game_20190309T163121.slp,1.7.1,3,2,0 2,15197,1
Gang-Steals\24\Game_20190309T163708.slp,1.7.1,31,2,12 2,8699,1
Gang-Steals\24\Game_20190309T163955.slp,1.7.1,8,2,12 2,3788,1
Gang-Steals\24\Game_20190309T164117.slp,1.7.1,3,2,12 2,1009,1
Gang-Steals\24\Game_20190309T164156.slp,1.7.1,32,2,12 0,9343,1
Gang-Steals\24\Game_20190309T164453.slp,1.7.1,3,2,12 0,9848,1
Gang-Steals\24\Game_20190309T164843.slp,1.7.1,28,2,12 9,1283,1
Gang-Steals\24\Game_20190309T164939.slp,1.7.1,31,2,0 9,1468,1
Gang-Steals\24\Game_20190309T165020.slp,1.7.1,31,2,0 9,7297,1
Gang-Steals\24\Game_20190309T165254.slp,1.7.1,2,2,0 19,11094,1
Gang-Steals\24\Game_20190309T165638.slp,1.7.1,2,2,0 19,10354,1
Gang-Steals\24\Game_20190309T170126.slp,1.7.1,28,2,20 19,9207,1
Gang-Steals\24\Game_20190309T170416.slp,1.7.1,3,2,20 2,3608,1
Gang-Steals\24\Game_20190309T170605.slp,1.7.1,31,2,2 20,7078,1
Gang-Steals\24\Game_20190309T170818.slp,1.7.1,8,2,20 20,7663,1
Gang-Steals\24\Game_20190309T171043.slp,1.7.1,32,2,2 20,6330,1
Gang-Steals\24\Game_20190309T171641.slp,1.7.1,32,2,9 2,7002,1
Gang-Steals\24\Game_20190309T171850.slp,1.7.1,8,2,9 2,6140,1
Gang-Steals\24\Game_20190309T172047.slp,1.7.1,2,2,9 25,10196,1
Gang-Steals\24\Game_20190309T172402.slp,1.7.1,31,2,9 25,9730,1
Gang-Steals\24\Game_20190309T172724.slp,1.7.1,32,2,9 2,945,1
Gang-Steals\24\Game_20190309T172812.slp,1.7.1,28,2,20 2,12791,1
Gang-Steals\24\Game_20190309T173200.slp,1.7.1,3,2,20 2,6652,1
Gang-Steals\24\Game_20190309T173406.slp,1.7.1,31,2,20 2,6654,1
Gang-Steals\24\Game_20190309T173616.slp,1.7.1,2,2,20 25,11475,1
Gang-Steals\24\Game_20190309T173945.slp,1.7.1,8,2,2 25,5887,1
Gang-Steals\24\Game_20190309T174150.slp,1.7.1,3,2,2 9,9807,1
Gang-Steals\24\Game_20190309T174454.slp,1.7.1,2,2,9 25,9466,1
Gang-Steals\24\Game_20190309T174747.slp,1.7.1,8,2,2 9,7165,1
Gang-Steals\24\Game_20190309T175003.slp,1.7.1,28,2,2 25,12159,1
Gang-Steals\24\Game_20190309T175346.slp,1.7.1,32,2,9 25,8397,1
Gang-Steals\24\Game_20190309T175622.slp,1.7.1,31,2,2 25,7021,1
Gang-Steals\24\Game_20190309T175834.slp,1.7.1,31,2,9 25,8486,1
Gang-Steals\24\Game_20190309T180112.slp,1.7.1,2,2,2 25,10421,1
Gang-Steals\24\Game_20190309T180424.slp,1.7.1,32,2,2 9,12390,1
Gang-Steals\24\Game_20190309T180808.slp,1.7.1,8,2,9 25,8830,1
Gang-Steals\24\Game_20190309T181105.slp,1.7.1,28,2,2 9,7345,1
Gang-Steals\24\Game_20190309T181328.slp,1.7.1,3,2,2 25,5964,1
Gang-Steals\26\Game_20190309T083404.slp,1.7.1,8,2,9 19,9977,1
Gang-Steals\26\Game_20190309T083709.slp,1.7.1,31,2,2 19,12868,1
Gang-Steals\26\Game_20190309T093310.slp,1.7.1,3,2,2 2,10926,1
Gang-Steals\26\Game_20190309T093632.slp,1.7.1,32,2,12 2,9159,1
Gang-Steals\26\Game_20190309T093922.slp,1.7.1,28,2,9 2,8705,1
Gang-Steals\26\Game_20190309T094204.slp,1.7.1,2,2,19 2,9977,1
Gang-Steals\26\Game_20190309T094506.slp,1.7.1,31,2,0 2,7343,1
Gang-Steals\26\Game_20190309T094746.slp,1.7.1,2,2,19 2,8412,1
Gang-Steals\26\Game_20190309T095019.slp,1.7.1,3,2,12 2,10171,1
Gang-Steals\26\Game_20190309T095321.slp,1.7.1,8,2,12 2,15729,1
Gang-Steals\26\Game_20190309T095803.slp,1.7.1,32,2,12 2,9663,1
Gang-Steals\26\Game_20190309T101440.slp,1.7.1,31,2,15 2,9836,1
Gang-Steals\26\Game_20190309T101738.slp,1.7.1,28,2,15 2,8096,1
Gang-Steals\26\Game_20190309T102007.slp,1.7.1,31,2,15 2,10501,1
Gang-Steals\26\Game_20190309T102316.slp,1.7.1,3,2,15 2,10913,1
Gang-Steals\26\Game_20190309T102633.slp,1.7.1,8,2,15 2,12623,1
Gang-Steals\26\Game_20190309T103020.slp,1.7.1,32,2,20 2,4270,1
Gang-Steals\26\Game_20190309T103337.slp,1.7.1,31,2,9 7,8275,1
Gang-Steals\26\Game_20190309T103613.slp,1.7.1,3,2,9 7,6345,1
Gang-Steals\26\Game_20190309T111223.slp,1.7.1,31,2,0 2,8710,1
Gang-Steals\26\Game_20190309T111556.slp,1.7.1,31,2,9 19,8636,1
Gang-Steals\26\Game_20190309T111835.slp,1.7.1,8,2,9 2,11424,1
Gang-Steals\26\Game_20190309T112208.slp,1.7.1,2,2,9 19,13590,1
Gang-Steals\26\Game_20190309T112750.slp,1.7.1,28,2,20 19,7899,1
Gang-Steals\26\Game_20190309T113017.slp,1.7.1,3,2,20 19,6502,1
Gang-Steals\26\Game_20190309T114543.slp,1.7.1,28,2,0 12,8428,1
Gang-Steals\26\Game_20190309T114818.slp,1.7.1,8,2,0 12,5778,1
Gang-Steals\26\Game_20190309T120312.slp,1.7.1,31,2,9 12,13675,1
Gang-Steals\26\Game_20190309T120716.slp,1.7.1,28,2,20 12,13987,1
Gang-Steals\26\Game_20190309T121125.slp,1.7.1,3,2,2 12,12969,1
Gang-Steals\26\Game_20190309T121619.slp,1.7.1,31,2,0 20,9860,1
Gang-Steals\26\Game_20190309T121918.slp,1.7.1,3,2,0 20,439,1
Gang-Steals\26\Game_20190309T121944.slp,1.7.1,3,2,0 20,11563,1
Gang-Steals\26\Game_20190309T122756.slp,1.7.1,8,2,14 12,14999,1
Gang-Steals\26\Game_20190309T123233.slp,1.7.1,28,2,14 15,14719,1
Gang-Steals\26\Game_20190309T123834.slp,1.7.1,2,2,19 9,10443,1
Gang-Steals\26\Game_20190309T124143.slp,1.7.1,3,2,19 9,16778,1
Gang-Steals\26\Game_20190309T124857.slp,1.7.1,31,2,0 0,5053,1
Gang-Steals\26\Game_20190309T125039.slp,1.7.1,28,2,0 0,15623,1
Gang-Steals\26\Game_20190309T125634.slp,1.7.1,31,2,9 2,9390,1
Gang-Steals\26\Game_20190309T125930.slp,1.7.1,8,2,9 25,6158,1
Gang-Steals\26\Game_20190309T130553.slp,1.7.1,3,2,9 25,11186,1
Gang-Steals\26\Game_20190309T131010.slp,1.7.1,28,2,20 14,12100,1
Gang-Steals\26\Game_20190309T131345.slp,1.7.1,3,2,20 14,11992,1
Gang-Steals\26\Game_20190309T131757.slp,1.7.1,2,2,9 14,153,1
Gang-Steals\26\Game_20190309T131828.slp,1.7.1,31,2,9 19,10247,1
Gang-Steals\26\Game_20190309T132136.slp,1.7.1,8,2,9 19,8840,1
Gang-Steals\26\Game_20190309T132506.slp,1.7.1,2,2,2 9,11675,1
Gang-Steals\26\Game_20190309T132840.slp,1.7.1,2,2,2 9,10581,1
Gang-Steals\26\Game_20190309T133303.slp,1.7.1,31,2,20 14,11863,1
Gang-Steals\26\Game_20190309T133640.slp,1.7.1,3,2,20 14,11528,1
Gang-Steals\26\Game_20190309T134318.slp,1.7.1,31,2,9 7,12334,1
Gang-Steals\26\Game_20190309T134705.slp,1.7.1,31,2,9 7,8687,1
Gang-Steals\26\Game_20190309T134944.slp,1.7.1,32,2,9 7,14791,1
Gang-Steals\26\Game_20190309T135651.slp,1.7.1,31,2,2 0,8960,1
Gang-Steals\26\Game_20190309T135940.slp,1.7.1,28,2,2 0,8249,1
Gang-Steals\26\Game_20190309T140458.slp,1.7.1,31,2,8 19,11892,1
Gang-Steals\26\Game_20190309T140843.slp,1.7.1,28,2,8 19,14861,1
Gang-Steals\26\Game_20190309T141420.slp,1.7.1,8,2,0 12,9202,1
Gang-Steals\26\Game_20190309T141708.slp,1.7.1,31,2,0 12,8019,1
Gang-Steals\26\Game_20190309T141935.slp,1.7.1,2,2,0 12,8865,1
Gang-Steals\26\Game_20190309T142421.slp,1.7.1,31,2,15 9,13921,1
Gang-Steals\26\Game_20190309T142829.slp,1.7.1,2,2,15 9,11918,1
Gang-Steals\26\Game_20190309T143430.slp,1.7.1,2,2,19 2,10465,1
Gang-Steals\26\Game_20190309T143751.slp,1.7.1,8,2,19 2,12410,1
Gang-Steals\26\Game_20190309T144228.slp,1.7.1,31,2,15 19,5369,1
Gang-Steals\26\Game_20190309T144412.slp,1.7.1,3,2,15 19,8921,1
Gang-Steals\26\Game_20190309T144655.slp,1.7.1,2,2,15 19,9850,1
Gang-Steals\26\Game_20190309T145033.slp,1.7.1,31,2,20 2,13300,1
Gang-Steals\26\Game_20190309T145431.slp,1.7.1,3,2,20 2,9457,1
Gang-Steals\26\Game_20190309T145807.slp,1.7.1,31,2,15 9,5992,1
Gang-Steals\26\Game_20190309T150001.slp,1.7.1,8,2,15 9,13413,1
Gang-Steals\26\Game_20190309T150423.slp,1.7.1,28,2,15 9,4616,1
Gang-Steals\26\Game_20190309T150730.slp,1.7.1,2,2,2 12,9158,1
Gang-Steals\26\Game_20190309T151036.slp,1.7.1,28,2,9 12,12333,1
Gang-Steals\26\Game_20190309T151623.slp,1.7.1,31,2,9 9,12844,1
Gang-Steals\26\Game_20190309T152013.slp,1.7.1,8,2,9 9,8274,1
Gang-Steals\26\Game_20190309T152314.slp,1.7.1,31,2,20 2,11743,1
Gang-Steals\26\Game_20190309T152647.slp,1.7.1,31,2,0 2,10855,1
Gang-Steals\26\Game_20190309T153023.slp,1.7.1,2,2,0 2,10661,1
Gang-Steals\26\Game_20190309T153550.slp,1.7.1,8,2,2 6,8893,1
Gang-Steals\26\Game_20190309T153835.slp,1.7.1,31,2,2 6,11553,1
Gang-Steals\26\Game_20190309T154319.slp,1.7.1,2,2,20 6,10927,1
Gang-Steals\26\Game_20190309T154639.slp,1.7.1,2,2,20 6,8406,1
Gang-Steals\26\Game_20190309T154925.slp,1.7.1,8,2,20 6,9357,1
Gang-Steals\26\Game_20190309T155220.slp,1.7.1,3,2,2 6,8789,1
Gang-Steals\26\Game_20190309T155509.slp,1.7.1,28,2,2 6,11174,1
Gang-Steals\26\Game_20190309T155831.slp,1.7.1,32,2,2 6,9177,1
Gang-Steals\26\Game_20190309T160211.slp,1.7.1,31,2,9 6,1789,1
Gang-Steals\26\Game_20190309T160932.slp,1.7.1,28,2,2 20,7861,1
Gang-Steals\26\Game_20190309T161158.slp,1.7.1,3,2,2 20,9723,1
Gang-Steals\26\Game_20190309T161455.slp,1.7.1,8,2,2 20,5984,1
Gang-Steals\26\Game_20190309T161650.slp,1.7.1,31,2,2 20,10937,1
Gang-Steals\26\Game_20190309T162007.slp,1.7.1,2,2,2 20,3615,1
Gang-Steals\26\Game_20190309T162644.slp,1.7.1,32,2,14 20,7738,1
Gang-Steals\26\Game_20190309T163708.slp,1.7.1,2,2,2 14,7424,1
Gang-Steals\26\Game_20190309T163926.slp,1.7.1,32,2,2 14,11191,1
Gang-Steals\26\Game_20190309T164248.slp,1.7.1,31,2,2 14,8764,1
Gang-Steals\26\Game_20190309T164529.slp,1.7.1,3,2,2 14,9708,1
Gang-Steals\26\Game_20190309T164822.slp,1.7.1,28,2,2 14,14021,1
Gang-Steals\26\Game_20190309T165818.slp,1.7.1,32,2,20 0,6551,1
Gang-Steals\26\Game_20190309T170023.slp,1.7.1,3,2,20 0,13045,1
Gang-Steals\26\Game_20190309T170414.slp,1.7.1,28,2,20 0,9045,1
Gang-Steals\26\Game_20190309T170708.slp,1.7.1,31,2,20 0,8047,1
Gang-Steals\26\Game_20190309T170937.slp,1.7.1,2,2,20 0,7247,1
Gang-Steals\26\Game_20190309T171152.slp,1.7.1,8,2,20 0,3669,1
Gang-Steals\26\Game_20190309T171313.slp,1.7.1,28,2,20 0,5475,1
Gang-Steals\26\Game_20190309T171458.slp,1.7.1,2,2,20 0,7000,1
Gang-Steals\26\Game_20190309T171746.slp,1.7.1,32,2,20 2,7324,1
Gang-Steals\26\Game_20190309T172013.slp,1.7.1,31,2,20 2,1509,1
Gang-Steals\26\Game_20190309T172056.slp,1.7.1,3,2,20 25,9933,1
Gang-Steals\26\Game_20190309T172401.slp,1.7.1,32,2,20 25,11440,1
Gang-Steals\26\Game_20190309T172727.slp,1.7.1,8,2,20 25,6034,1
Gang-Steals\26\Game_20190309T172922.slp,1.7.1,28,2,20 25,10178,1
Gang-Steals\26\Game_20190309T173226.slp,1.7.1,8,2,20 25,8204,1
Gang-Steals\26\Game_20190309T173502.slp,1.7.1,3,2,20 0,6831,1
Gang-Steals\26\Game_20190309T173711.slp,1.7.1,32,2,20 25,6261,1
Gang-Steals\26\Game_20190309T173911.slp,1.7.1,31,2,20 0,6831,1
Gang-Steals\26\Game_20190309T174122.slp,1.7.1,2,2,20 25,7946,1
Gang-Steals\26\Game_20190309T174349.slp,1.7.1,8,2,20 0,9776,1
Gang-Steals\26\Game_20190309T174648.slp,1.7.1,3,2,20 25,10562,1
Gang-Steals\26\Game_20190309T175002.slp,1.7.1,2,2,20 0,2652,1
Gang-Steals\3\Game_20190309T092718.slp,1.7.1,32,2,2 15,9789,1
Gang-Steals\3\Game_20190309T093249.slp,1.7.1,31,2,2 15,10272,1
Gang-Steals\3\Game_20190309T093554.slp,1.7.1,28,2,2 15,13205,1
Gang-Steals\3\Game_20190309T093952.slp,1.7.1,8,2,14 15,13046,1
Gang-Steals\3\Game_20190309T094344.slp,1.7.1,3,2,14 15,12061,1
Gang-Steals\3\Game_20190309T094821.slp,1.7.1,2,2,19 19,12234,1
Gang-Steals\3\Game_20190309T095222.slp,1.7.1,2,2,9 19,8901,1
Gang-Steals\3\Game_20190309T095529.slp,1.7.1,28,2,9 19,10490,1
Gang-Steals\3\Game_20190309T100016.slp,1.7.1,31,2,20 2,8721,1
Gang-Steals\3\Game_20190309T100304.slp,1.7.1,32,2,20 2,4125,1
Gang-Steals\3\Game_20190309T100445.slp,1.7.1,31,2,9 2,254,1
Gang-Steals\3\Game_20190309T100511.slp,1.7.1,31,2,9 2,9255,1
Gang-Steals\3\Game_20190309T100800.slp,1.7.1,8,2,9 2,9240,1
Gang-Steals\3\Game_20190309T101238.slp,1.7.1,3,2,9 2,4888,1
Gang-Steals\3\Game_20190309T101614.slp,1.7.1,31,2,9 2,6218,1
Gang-Steals\3\Game_20190309T101817.slp,1.7.1,8,2,9 2,6195,1
Gang-Steals\3\Game_20190309T102140.slp,1.7.1,31,2,9 12,12039,1
Gang-Steals\3\Game_20190309T102548.slp,1.7.1,3,2,2 12,14679,1
Gang-Steals\3\Game_20190309T103048.slp,1.7.1,2,2,2 12,12080,1
Gang-Steals\3\Game_20190309T103721.slp,1.7.1,2,2,12 20,9023,1
Gang-Steals\3\Game_20190309T104006.slp,1.7.1,8,2,12 20,10498,1
Gang-Steals\3\Game_20190309T104407.slp,1.7.1,8,2,2 0,5681,1
Gang-Steals\3\Game_20190309T104556.slp,1.7.1,31,2,2 0,5777,1
Gang-Steals\3\Game_20190309T104746.slp,1.7.1,8,2,2 0,15,1
Gang-Steals\3\Game_20190309T104854.slp,1.7.1,31,2,15 0,11479,1
Gang-Steals\3\Game_20190309T105227.slp,1.7.1,32,2,15 0,19560,1
Gang-Steals\3\Game_20190309T105820.slp,1.7.1,2,2,15 0,11523,1
Gang-Steals\3\Game_20190309T110342.slp,1.7.1,31,2,9 15,11814,1
Gang-Steals\3\Game_20190309T110734.slp,1.7.1,8,2,9 15,10909,1
Gang-Steals\3\Game_20190309T111254.slp,1.7.1,31,2,2 15,10799,1
Gang-Steals\3\Game_20190309T111615.slp,1.7.1,31,2,2 15,10199,1
Gang-Steals\3\Game_20190309T112137.slp,1.7.1,32,2,9 2,8554,1
Gang-Steals\3\Game_20190309T112433.slp,1.7.1,31,2,9 2,9845,1
Gang-Steals\3\Game_20190309T112953.slp,1.7.1,32,2,20 12,1690,1
Gang-Steals\3\Game_20190309T113049.slp,1.7.1,3,2,20 12,14813,1
Gang-Steals\3\Game_20190309T113509.slp,1.7.1,28,2,20 12,2573,1
Gang-Steals\3\Game_20190309T113626.slp,1.7.1,31,2,20 12,772,1
Gang-Steals\3\Game_20190309T113653.slp,1.7.1,31,2,20 12,9368,1
Gang-Steals\3\Game_20190309T113942.slp,1.7.1,8,2,20 12,6233,1
Gang-Steals\3\Game_20190309T114348.slp,1.7.1,2,2,11 0,6305,1
Gang-Steals\3\Game_20190309T114604.slp,1.7.1,31,2,2 0,6783,1
Gang-Steals\3\Game_20190309T114813.slp,1.7.1,32,2,2 0,10339,1
Gang-Steals\3\Game_20190309T115124.slp,1.7.1,31,2,2 0,10736,1
Gang-Steals\3\Game_20190309T115731.slp,1.7.1,8,2,20 0,6655,1
Gang-Steals\3\Game_20190309T115939.slp,1.7.1,2,2,20 0,9314,1
Gang-Steals\3\Game_20190309T120504.slp,1.7.1,32,2,9 20,7440,1
Gang-Steals\3\Game_20190309T120722.slp,1.7.1,3,2,9 20,8555,1
Gang-Steals\3\Game_20190309T121129.slp,1.7.1,31,2,6 9,16948,1
Gang-Steals\3\Game_20190309T121628.slp,1.7.1,31,2,6 9,17308,1
Gang-Steals\3\Game_20190309T122131.slp,1.7.1,3,2,6 9,8501,1
Gang-Steals\3\Game_20190309T122551.slp,1.7.1,31,2,0 9,12911,1
Gang-Steals\3\Game_20190309T122943.slp,1.7.1,32,2,0 9,14892,1
Gang-Steals\3\Game_20190309T123457.slp,1.7.1,31,2,0 9,11860,1
Gang-Steals\3\Game_20190309T123829.slp,1.7.1,31,2,0 9,13901,1
Gang-Steals\3\Game_20190309T124922.slp,1.7.1,31,2,2 12,9274,1
Gang-Steals\3\Game_20190309T125342.slp,1.7.1,28,2,2 12,10685,1
Gang-Steals\3\Game_20190309T125655.slp,1.7.1,31,2,2 12,9543,1
Gang-Steals\3\Game_20190309T130010.slp,1.7.1,2,2,2 12,11937,1
Gang-Steals\3\Game_20190309T130928.slp,1.7.1,28,2,2 12,5609,1
Gang-Steals\3\Game_20190309T131939.slp,1.7.1,31,4,12 20 9 19,6396,1
Gang-Steals\3\Game_20190309T132151.slp,1.7.1,3,4,12 20 9 19,5606,1
Gang-Steals\3\Game_20190309T133134.slp,1.7.1,3,4,16 14 9 19,10145,1
Gang-Steals\3\Game_20190309T133459.slp,1.7.1,8,4,16 14 9 19,11953,1
Gang-Steals\3\Game_20190309T134503.slp,1.7.1,31,4,2 16 19 19,11867,1
Gang-Steals\3\Game_20190309T134902.slp,1.7.1,31,4,2 16 19 19,13042,1
Gang-Steals\3\Game_20190309T135345.slp,1.7.1,32,4,15 16 19 19,15472,1
Gang-Steals\3\Game_20190309T140230.slp,1.7.1,28,2,14 2,6435,1
Gang-Steals\3\Game_20190309T140550.slp,1.7.1,31,4,19 12 2 2,10117,1
Gang-Steals\3\Game_20190309T140941.slp,1.7.1,32,4,19 12 20 2,11378,1
Gang-Steals\3\Game_20190309T142338.slp,1.7.1,32,4,19 21 2 12,9500,1
Gang-Steals\3\Game_20190309T142647.slp,1.7.1,31,4,19 21 2 12,8604,1
Gang-Steals\3\Game_20190309T142942.slp,1.7.1,3,4,19 21 2 12,8889,1
Gang-Steals\3\Game_20190309T150557.slp,1.7.1,28,2,9 0,6122,1
Gang-Steals\3\Game_20190309T150753.slp,1.7.1,28,2,9 0,5801,1
Gang-Steals\3\Game_20190309T150955.slp,1.7.1,32,2,9 0,8950,1
Gang-Steals\3\Game_20190309T151239.slp,1.7.1,8,2,9 0,8940,1
Gang-Steals\3\Game_20190309T151536.slp,1.7.1,3,2,9 0,10376,1
Gang-Steals\3\Game_20190309T151859.slp,1.7.1,2,2,0 20,9055,1
Gang-Steals\3\Game_20190309T152146.slp,1.7.1,31,2,9 20,10763,1
Gang-Steals\3\Game_20190309T152513.slp,1.7.1,2,2,9 0,8977,1
Gang-Steals\3\Game_20190309T152804.slp,1.7.1,31,2,0 20,9393,1
Gang-Steals\3\Game_20190309T153057.slp,1.7.1,3,2,9 20,13332,1
Gang-Steals\3\Game_20190309T153458.slp,1.7.1,28,2,9 0,10818,1
Gang-Steals\3\Game_20190309T153815.slp,1.7.1,32,2,0 20,6324,1
Gang-Steals\3\Game_20190309T154020.slp,1.7.1,8,2,9 20,11107,1
Gang-Steals\3\Game_20190309T154343.slp,1.7.1,3,2,0 20,9498,1
Gang-Steals\3\Game_20190309T154644.slp,1.7.1,32,2,9 20,14055,1
Gang-Steals\3\Game_20190309T155113.slp,1.7.1,8,2,0 20,9485,1
Gang-Steals\3\Game_20190309T155413.slp,1.7.1,31,2,9 0,8038,1
Gang-Steals\3\Game_20190309T155827.slp,1.7.1,28,2,2 9,9055,1
Gang-Steals\3\Game_20190309T160131.slp,1.7.1,3,2,2 25,8746,1
Gang-Steals\3\Game_20190309T160412.slp,1.7.1,2,2,2 25,8427,1
Gang-Steals\3\Game_20190309T160649.slp,1.7.1,32,2,2 25,10679,1
Gang-Steals\3\Game_20190309T161031.slp,1.7.1,28,2,2 25,10081,1
Gang-Steals\30\Game_20190309T010004.slp,1.7.1,8,2,17 2,3375,1
Gang-Steals\30\Game_20190309T010411.slp,1.7.1,32,4,14 14 14 14,3305,1
Gang-Steals\30\Game_20190309T023143.slp,1.7.1,32,2,9 5,17538,1
Gang-Steals\30\Game_20190309T023738.slp,1.7.1,32,2,9 10,16005,1
Gang-Steals\30\Game_20190309T024252.slp,1.7.1,32,2,6 2,16060,1
Gang-Steals\30\Game_20190309T024801.slp,1.7.1,32,2,23 2,11354,1
Gang-Steals\30\Game_20190309T025139.slp,1.7.1,32,2,23 2,8617,1
Gang-Steals\30\Game_20190309T025742.slp,1.7.1,32,2,2 6,12801,1
Gang-Steals\30\Game_20190309T030152.slp,1.7.1,28,2,2 6,13379,1
Gang-Steals\30\Game_20190309T030631.slp,1.7.1,7,2,8 6,15181,1
Gang-Steals\30\Game_20190309T031114.slp,1.7.1,32,2,8 2,9444,1
Gang-Steals\31\Game_20190309T093122.slp,1.7.1,32,2,20 0,7303,1
Gang-Steals\31\Game_20190309T093343.slp,1.7.1,3,2,20 9,4198,1
Gang-Steals\31\Game_20190309T093511.slp,1.7.1,31,2,20 0,6421,1
Gang-Steals\31\Game_20190309T093719.slp,1.7.1,28,2,20 0,6316,1
Gang-Steals\31\Game_20190309T093923.slp,1.7.1,15,2,20 0,18,1
Gang-Steals\31\Game_20190309T093937.slp,1.7.1,2,2,20 0,5749,1
Gang-Steals\31\Game_20190309T094132.slp,1.7.1,8,2,20 25,11269,1
Gang-Steals\31\Game_20190309T094502.slp,1.7.1,32,2,20 25,10370,1
Gang-Steals\31\Game_20190309T094818.slp,1.7.1,28,2,20 0,7839,1
Gang-Steals\31\Game_20190309T095052.slp,1.7.1,3,2,20 0,8470,1
Gang-Steals\31\Game_20190309T095343.slp,1.7.1,2,2,2 0,8619,1
Gang-Steals\31\Game_20190309T095637.slp,1.7.1,8,2,2 0,3437,1
Gang-Steals\31\Game_20190309T100032.slp,1.7.1,31,2,9 20,8880,1
Gang-Steals\31\Game_20190309T100317.slp,1.7.1,28,2,9 20,10470,1
Gang-Steals\31\Game_20190309T100630.slp,1.7.1,32,2,9 20,9544,1
Gang-Steals\31\Game_20190309T100924.slp,1.7.1,3,2,9 20,9455,1
Gang-Steals\31\Game_20190309T101939.slp,1.7.1,31,2,20 9,13109,1
Gang-Steals\31\Game_20190309T102333.slp,1.7.1,28,2,20 9,20964,1
Gang-Steals\31\Game_20190309T103641.slp,1.7.1,31,2,0 9,11451,1
Gang-Steals\31\Game_20190309T104015.slp,1.7.1,32,2,0 9,7614,1
Gang-Steals\31\Game_20190309T104240.slp,1.7.1,28,2,0 9,8573,1
Gang-Steals\31\Game_20190309T104521.slp,1.7.1,32,2,0 9,2326,1
Gang-Steals\31\Game_20190309T104734.slp,1.7.1,31,2,20 20,10338,1
Gang-Steals\31\Game_20190309T105045.slp,1.7.1,8,2,2 20,10119,1
Gang-Steals\31\Game_20190309T105445.slp,1.7.1,28,2,9 20,12748,1
Gang-Steals\31\Game_20190309T105836.slp,1.7.1,8,2,9 20,11804,1
Gang-Steals\31\Game_20190309T110209.slp,1.7.1,31,2,9 20,11299,1
Gang-Steals\31\Game_20190309T110639.slp,1.7.1,31,2,9 9,6193,1
Gang-Steals\31\Game_20190309T110838.slp,1.7.1,32,2,9 9,8341,1
Gang-Steals\31\Game_20190309T111157.slp,1.7.1,31,2,12 19,12085,1
Gang-Steals\31\Game_20190309T111531.slp,1.7.1,32,2,12 9,10972,1
Gang-Steals\31\Game_20190309T112017.slp,1.7.1,31,2,0 14,12952,1
Gang-Steals\31\Game_20190309T112409.slp,1.7.1,31,2,0 14,7957,1
Gang-Steals\31\Game_20190309T112824.slp,1.7.1,8,2,9 19,9736,1
Gang-Steals\31\Game_20190309T113123.slp,1.7.1,31,2,9 19,14174,1
Gang-Steals\31\Game_20190309T113711.slp,1.7.1,2,2,8 9,8348,1
Gang-Steals\31\Game_20190309T113948.slp,1.7.1,8,2,8 9,4523,1
Gang-Steals\31\Game_20190309T114306.slp,1.7.1,8,2,9 15,5862,1
Gang-Steals\31\Game_20190309T114508.slp,1.7.1,31,2,9 15,11890,1
Gang-Steals\31\Game_20190309T114848.slp,1.7.1,2,2,20 2,2954,1
Gang-Steals\31\Game_20190309T115010.slp,1.7.1,2,2,20 18,7303,1
Gang-Steals\31\Game_20190309T115233.slp,1.7.1,8,2,20 18,291,1
Gang-Steals\31\Game_20190309T115330.slp,1.7.1,31,2,20 15,4847,1
Gang-Steals\31\Game_20190309T115507.slp,1.7.1,8,2,20 15,10763,1
Gang-Steals\31\Game_20190309T115945.slp,1.7.1,31,2,2 2,9257,1
Gang-Steals\31\Game_20190309T120236.slp,1.7.1,2,2,2 2,6203,1
Gang-Steals\31\Game_20190309T120516.slp,1.7.1,31,2,20 9,6180,1
Gang-Steals\31\Game_20190309T120716.slp,1.7.1,8,2,20 9,9322,1
Gang-Steals\31\Game_20190309T121311.slp,1.7.1,31,2,12 14,11620,1
Gang-Steals\31\Game_20190309T121643.slp,1.7.1,3,2,12 14,16920,1
Gang-Steals\31\Game_20190309T122140.slp,1.7.1,8,2,12 14,15297,1
Gang-Steals\31\Game_20190309T122652.slp,1.7.1,31,2,9 20,12277,1
Gang-Steals\31\Game_20190309T123035.slp,1.7.1,3,2,9 20,12459,1
Gang-Steals\31\Game_20190309T123716.slp,1.7.1,31,2,2 9,5008,1
Gang-Steals\31\Game_20190309T123901.slp,1.7.1,8,2,2 9,12262,1
Gang-Steals\31\Game_20190309T124327.slp,1.7.1,2,2,2 12,11695,1
Gang-Steals\31\Game_20190309T124855.slp,1.7.1,28,2,20 0,8472,1
Gang-Steals\31\Game_20190309T125135.slp,1.7.1,3,2,20 0,7771,1
Gang-Steals\31\Game_20190309T125519.slp,1.7.1,31,2,2 8,7428,1
Gang-Steals\31\Game_20190309T125740.slp,1.7.1,31,2,2 8,9282,1
Gang-Steals\31\Game_20190309T130038.slp,1.7.1,8,2,2 8,10542,1
Gang-Steals\31\Game_20190309T130455.slp,1.7.1,31,2,0 2,9787,1
Gang-Steals\31\Game_20190309T130755.slp,1.7.1,28,2,0 2,14285,1
Gang-Steals\31\Game_20190309T131210.slp,1.7.1,2,2,0 2,10537,1
Gang-Steals\31\Game_20190309T131617.slp,1.7.1,31,2,2 19,9640,1
Gang-Steals\31\Game_20190309T131915.slp,1.7.1,31,2,2 19,9788,1
Gang-Steals\31\Game_20190309T132302.slp,1.7.1,2,2,14 2,9079,1
Gang-Steals\31\Game_20190309T132548.slp,1.7.1,2,2,14 2,9311,1
Gang-Steals\31\Game_20190309T132940.slp,1.7.1,31,2,15 0,5587,1
Gang-Steals\31\Game_20190309T133138.slp,1.7.1,8,2,20 0,8190,1
Gang-Steals\31\Game_20190309T133517.slp,1.7.1,32,2,9 9,9363,1
Gang-Steals\31\Game_20190309T133813.slp,1.7.1,8,2,9 9,7088,1
Gang-Steals\31\Game_20190309T134519.slp,1.7.1,31,2,14 9,13016,1
Gang-Steals\31\Game_20190309T134922.slp,1.7.1,31,2,14 9,17978,1
Gang-Steals\31\Game_20190309T135443.slp,1.7.1,28,2,14 9,11789,1
Gang-Steals\31\Game_20190309T140002.slp,1.7.1,2,2,2 14,9574,1
Gang-Steals\31\Game_20190309T140259.slp,1.7.1,2,2,2 14,3403,1
Gang-Steals\31\Game_20190309T140454.slp,1.7.1,31,2,15 2,7768,1
Gang-Steals\31\Game_20190309T140731.slp,1.7.1,28,2,20 2,11169,1
Gang-Steals\31\Game_20190309T141101.slp,1.7.1,8,2,15 2,11657,1
Gang-Steals\31\Game_20190309T141544.slp,1.7.1,32,2,12 0,8388,1
Gang-Steals\31\Game_20190309T141821.slp,1.7.1,28,2,12 0,13285,1
Gang-Steals\31\Game_20190309T142223.slp,1.7.1,3,2,12 0,11806,1
Gang-Steals\31\Game_20190309T142705.slp,1.7.1,31,2,9 12,15533,1
Gang-Steals\31\Game_20190309T143140.slp,1.7.1,31,2,9 12,16390,1
Gang-Steals\31\Game_20190309T143743.slp,1.7.1,28,2,19 12,14897,1
Gang-Steals\31\Game_20190309T144220.slp,1.7.1,32,2,19 12,14592,1
Gang-Steals\31\Game_20190309T144715.slp,1.7.1,31,2,19 0,11240,1
Gang-Steals\31\Game_20190309T145042.slp,1.7.1,8,2,19 0,10883,1
Gang-Steals\31\Game_20190309T145502.slp,1.7.1,31,2,0 0,9094,1
Gang-Steals\31\Game_20190309T145755.slp,1.7.1,31,2,0 0,10796,1
Gang-Steals\31\Game_20190309T150113.slp,1.7.1,32,2,0 0,9342,1
Gang-Steals\31\Game_20190309T150701.slp,1.7.1,28,2,19 14,13328,1
Gang-Steals\31\Game_20190309T151112.slp,1.7.1,8,2,19 14,10600,1
Gang-Steals\31\Game_20190309T151454.slp,1.7.1,31,2,22 2,7776,1
Gang-Steals\31\Game_20190309T151719.slp,1.7.1,31,2,22 2,11403,1
Gang-Steals\31\Game_20190309T152046.slp,1.7.1,2,2,22 2,9742,1
Gang-Steals\31\Game_20190309T152455.slp,1.7.1,31,2,0 0,6115,1
Gang-Steals\31\Game_20190309T152653.slp,1.7.1,28,2,0 0,10934,1
Gang-Steals\31\Game_20190309T153725.slp,1.7.1,32,2,20 14,892,1
Gang-Steals\31\Game_20190309T153754.slp,1.7.1,8,2,20 2,6292,1
Gang-Steals\31\Game_20190309T153954.slp,1.7.1,31,2,20 2,8062,1
Gang-Steals\31\Game_20190309T154244.slp,1.7.1,28,2,20 2,10246,1
Gang-Steals\31\Game_20190309T154552.slp,1.7.1,32,2,20 2,9929,1
Gang-Steals\31\Game_20190309T154852.slp,1.7.1,2,2,20 2,7601,1
Gang-Steals\31\Game_20190309T155118.slp,1.7.1,8,2,20 2,8043,1
Gang-Steals\31\Game_20190309T155414.slp,1.7.1,31,2,20 18,7615,1
Gang-Steals\31\Game_20190309T155635.slp,1.7.1,28,2,20 18,9976,1
Gang-Steals\31\Game_20190309T155941.slp,1.7.1,32,2,20 0,8194,1
Gang-Steals\31\Game_20190309T160212.slp,1.7.1,31,2,20 0,8533,1
Gang-Steals\31\Game_20190309T160512.slp,1.7.1,8,2,0 9,7618,1
Gang-Steals\31\Game_20190309T160739.slp,1.7.1,28,2,20 9,7027,1
Gang-Steals\31\Game_20190309T160957.slp,1.7.1,2,2,20 15,8466,1
Gang-Steals\31\Game_20190309T161245.slp,1.7.1,31,2,20 9,8390,1
Gang-Steals\31\Game_20190309T161528.slp,1.7.1,28,2,15 9,6683,1
Gang-Steals\31\Game_20190309T161741.slp,1.7.1,32,2,2 9,8971,1
Gang-Steals\31\Game_20190309T162030.slp,1.7.1,8,2,2 9,6562,1
Gang-Steals\31\Game_20190309T162251.slp,1.7.1,32,2,9 9,9369,1
Gang-Steals\31\Game_20190309T162549.slp,1.7.1,31,2,20 15,9772,1
Gang-Steals\31\Game_20190309T162859.slp,1.7.1,8,2,18 9,7329,1
Gang-Steals\31\Game_20190309T163129.slp,1.7.1,28,2,20 9,2009,1
Gang-Steals\31\Game_20190309T164001.slp,1.7.1,31,2,2 19,10953,1
Gang-Steals\31\Game_20190309T164322.slp,1.7.1,31,2,2 19,9120,1
Gang-Steals\31\Game_20190309T164615.slp,1.7.1,2,2,2 19,6657,1
Gang-Steals\31\Game_20190309T165205.slp,1.7.1,32,2,9 9,7136,1
Gang-Steals\31\Game_20190309T165421.slp,1.7.1,31,2,9 19,11963,1
Gang-Steals\31\Game_20190309T165756.slp,1.7.1,2,2,9 19,9340,1
Gang-Steals\31\Game_20190309T170049.slp,1.7.1,8,2,9 19,6492,1
Gang-Steals\31\Game_20190309T170253.slp,1.7.1,28,2,9 19,16978,1
Gang-Steals\31\Game_20190309T170754.slp,1.7.1,32,2,9 19,13037,1
Gang-Steals\31\Game_20190309T171146.slp,1.7.1,32,2,9 19,14206,1
Gang-Steals\31\Game_20190309T171614.slp,1.7.1,28,2,19 9,20825,1
Gang-Steals\31\Game_20190309T172216.slp,1.7.1,31,2,9 19,15414,1
Gang-Steals\31\Game_20190309T172651.slp,1.7.1,8,2,9 9,6552,1
Gang-Steals\31\Game_20190309T172859.slp,1.7.1,2,2,19 9,12018,1
Gang-Steals\31\Game_20190309T173237.slp,1.7.1,2,2,9 9,10826,1
Gang-Steals\31\Game_20190309T173605.slp,1.7.1,31,2,19 9,10550,1
Gang-Steals\31\Game_20190309T173927.slp,1.7.1,32,2,9 9,10364,1
Gang-Steals\31\Game_20190309T174242.slp,1.7.1,8,2,9 19,10632,1
Gang-Steals\31\Game_20190309T174603.slp,1.7.1,28,2,9 15,9165,1
Gang-Steals\31\Game_20190309T174852.slp,1.7.1,8,2,19 15,6890,1
Gang-Steals\31\Game_20190309T175108.slp,1.7.1,32,2,9 15,4300,1
Gang-Steals\32\Game_20190309T101344.slp,1.7.1,28,2,15 9,16347,1
Gang-Steals\32\Game_20190309T101834.slp,1.7.1,32,2,15 9,16285,1
Gang-Steals\32\Game_20190309T102318.slp,1.7.1,31,2,15 9,10519,1
Gang-Steals\32\Game_20190309T102654.slp,1.7.1,8,2,15 9,7264,1
Gang-Steals\32\Game_20190309T102910.slp,1.7.1,2,2,15 9,13176,1
Gang-Steals\32\Game_20190309T103305.slp,1.7.1,3,2,15 9,7546,1
Gang-Steals\32\Game_20190309T103526.slp,1.7.1,3,2,15 9,7580,1
Gang-Steals\32\Game_20190309T103809.slp,1.7.1,8,2,15 9,5429,1
Gang-Steals\32\Game_20190309T103954.slp,1.7.1,2,2,15 9,9208,1
Gang-Steals\32\Game_20190309T104247.slp,1.7.1,31,2,15 9,8726,1
Gang-Steals\32\Game_20190309T104527.slp,1.7.1,28,2,15 9,17114,1
Gang-Steals\32\Game_20190309T105122.slp,1.7.1,31,2,0 13,1994,1
Gang-Steals\32\Game_20190309T105229.slp,1.7.1,31,2,0 13,12000,1
Gang-Steals\32\Game_20190309T105604.slp,1.7.1,31,2,0 13,10146,1
Gang-Steals\32\Game_20190309T110021.slp,1.7.1,31,2,20 2,14134,1
Gang-Steals\32\Game_20190309T110433.slp,1.7.1,3,2,20 2,10273,1
Gang-Steals\32\Game_20190309T110854.slp,1.7.1,8,2,9 20,8827,1
Gang-Steals\32\Game_20190309T111148.slp,1.7.1,31,2,9 20,10068,1
Gang-Steals\32\Game_20190309T111610.slp,1.7.1,2,2,17 20,8247,1
Gang-Steals\32\Game_20190309T111851.slp,1.7.1,28,2,17 20,7887,1
Gang-Steals\32\Game_20190309T112427.slp,1.7.1,32,2,0 19,9290,1
Gang-Steals\32\Game_20190309T112837.slp,1.7.1,31,2,14 19,13721,1
Gang-Steals\32\Game_20190309T113246.slp,1.7.1,8,2,14 19,9726,1
Gang-Steals\32\Game_20190309T113544.slp,1.7.1,2,2,14 19,11327,1
Gang-Steals\32\Game_20190309T114012.slp,1.7.1,31,2,20 9,7809,1
Gang-Steals\32\Game_20190309T114237.slp,1.7.1,31,2,20 9,8992,1
Gang-Steals\32\Game_20190309T114845.slp,1.7.1,8,2,19 9,4400,1
Gang-Steals\32\Game_20190309T115317.slp,1.7.1,8,2,19 9,8296,1
Gang-Steals\32\Game_20190309T115554.slp,1.7.1,8,2,19 9,13794,1
Gang-Steals\32\Game_20190309T120140.slp,1.7.1,8,2,19 9,914,1
Gang-Steals\32\Game_20190309T120349.slp,1.7.1,28,2,2 14,15455,1
Gang-Steals\32\Game_20190309T120823.slp,1.7.1,31,2,2 14,5237,1
Gang-Steals\32\Game_20190309T121038.slp,1.7.1,8,2,19 2,8693,1
Gang-Steals\32\Game_20190309T121318.slp,1.7.1,32,2,19 2,11433,1
Gang-Steals\32\Game_20190309T121736.slp,1.7.1,31,2,9 2,8236,1
Gang-Steals\32\Game_20190309T122023.slp,1.7.1,3,2,9 2,9517,1
Gang-Steals\32\Game_20190309T122429.slp,1.7.1,8,2,0 20,10679,1
Gang-Steals\32\Game_20190309T122755.slp,1.7.1,32,2,9 20,7451,1
Gang-Steals\32\Game_20190309T123115.slp,1.7.1,31,2,2 20,9276,1
Gang-Steals\32\Game_20190309T123406.slp,1.7.1,3,2,2 20,15849,1
Gang-Steals\32\Game_20190309T123851.slp,1.7.1,32,2,2 20,12484,1
Gang-Steals\32\Game_20190309T124356.slp,1.7.1,31,2,12 9,15047,1
Gang-Steals\32\Game_20190309T124823.slp,1.7.1,32,2,12 9,15655,1
Gang-Steals\32\Game_20190309T125316.slp,1.7.1,31,2,12 9,15042,1
Gang-Steals\32\Game_20190309T125837.slp,1.7.1,8,2,8 19,8225,1
Gang-Steals\32\Game_20190309T130109.slp,1.7.1,31,2,8 19,11073,1
Gang-Steals\32\Game_20190309T130618.slp,1.7.1,8,2,2 20,9066,1
Gang-Steals\32\Game_20190309T130910.slp,1.7.1,31,2,2 20,12919,1
Gang-Steals\32\Game_20190309T131349.slp,1.7.1,31,2,9 20,12020,1
Gang-Steals\32\Game_20190309T131724.slp,1.7.1,31,2,9 20,9159,1
Gang-Steals\32\Game_20190309T132119.slp,1.7.1,31,2,0 9,1849,1
Gang-Steals\32\Game_20190309T132201.slp,1.7.1,31,2,0 9,14622,1
Gang-Steals\32\Game_20190309T132633.slp,1.7.1,3,2,0 9,15315,1
Gang-Steals\32\Game_20190309T133103.slp,1.7.1,8,2,0 9,7104,1
Gang-Steals\32\Game_20190309T133443.slp,1.7.1,31,2,15 9,7197,1
Gang-Steals\32\Game_20190309T133656.slp,1.7.1,8,2,15 9,7356,1
Gang-Steals\32\Game_20190309T134133.slp,1.7.1,31,2,2 9,8979,1
Gang-Steals\32\Game_20190309T134506.slp,1.7.1,31,2,9 0,8382,1
Gang-Steals\32\Game_20190309T134743.slp,1.7.1,28,2,9 0,9934,1
Gang-Steals\32\Game_20190309T135201.slp,1.7.1,31,2,9 20,11574,1
Gang-Steals\32\Game_20190309T135528.slp,1.7.1,3,2,9 20,16566,1
Gang-Steals\32\Game_20190309T140020.slp,1.7.1,8,2,9 20,12198,1
Gang-Steals\32\Game_20190309T140521.slp,1.7.1,31,2,2 0,8480,1
Gang-Steals\32\Game_20190309T140817.slp,1.7.1,32,2,2 20,7259,1
Gang-Steals\32\Game_20190309T141051.slp,1.7.1,8,2,20 20,12323,1
Gang-Steals\32\Game_20190309T141624.slp,1.7.1,31,2,0 14,7626,1
Gang-Steals\32\Game_20190309T141850.slp,1.7.1,28,2,0 14,6754,1
Gang-Steals\32\Game_20190309T142154.slp,1.7.1,2,2,15 14,13925,1
Gang-Steals\32\Game_20190309T142610.slp,1.7.1,28,2,15 14,13378,1
Gang-Steals\32\Game_20190309T143009.slp,1.7.1,3,2,15 14,9328,1
Gang-Steals\32\Game_20190309T143432.slp,1.7.1,8,2,8 20,10830,1
Gang-Steals\32\Game_20190309T143754.slp,1.7.1,31,2,8 20,10817,1
Gang-Steals\32\Game_20190309T144109.slp,1.7.1,2,2,8 20,13399,1
Gang-Steals\32\Game_20190309T144607.slp,1.7.1,2,2,9 19,11889,1
Gang-Steals\32\Game_20190309T144941.slp,1.7.1,31,2,9 19,9305,1
Gang-Steals\32\Game_20190309T145442.slp,1.7.1,31,2,2 20,13110,1
Gang-Steals\32\Game_20190309T145835.slp,1.7.1,31,2,2 20,6154,1
Gang-Steals\32\Game_20190309T150038.slp,1.7.1,3,2,2 20,4457,1
Gang-Steals\32\Game_20190309T150319.slp,1.7.1,8,2,0 8,10142,1
Gang-Steals\32\Game_20190309T150623.slp,1.7.1,8,2,0 8,11348,1
Gang-Steals\32\Game_20190309T150948.slp,1.7.1,28,2,0 8,10863,1
Gang-Steals\32\Game_20190309T151556.slp,1.7.1,2,2,19 14,11141,1
Gang-Steals\32\Game_20190309T151933.slp,1.7.1,8,2,0 14,10111,1
Gang-Steals\32\Game_20190309T152236.slp,1.7.1,8,2,0 14,8599,1
Gang-Steals\32\Game_20190309T152514.slp,1.7.1,3,2,0 14,11104,1
Gang-Steals\32\Game_20190309T153121.slp,1.7.1,31,2,0 2,7405,1
Gang-Steals\32\Game_20190309T153342.slp,1.7.1,28,2,0 20,11986,1
Gang-Steals\32\Game_20190309T153735.slp,1.7.1,2,2,0 9,13551,1
Gang-Steals\32\Game_20190309T154139.slp,1.7.1,32,2,0 20,7663,1
Gang-Steals\32\Game_20190309T154402.slp,1.7.1,32,2,20 9,11035,1
Gang-Steals\32\Game_20190309T154721.slp,1.7.1,28,2,0 9,13642,1
Gang-Steals\32\Game_20190309T155124.slp,1.7.1,31,2,0 20,11280,1
Gang-Steals\32\Game_20190309T155447.slp,1.7.1,8,2,20 9,9124,1
Gang-Steals\32\Game_20190309T155737.slp,1.7.1,3,2,0 9,11226,1
Gang-Steals\32\Game_20190309T160101.slp,1.7.1,2,2,0 20,12201,1
Gang-Steals\32\Game_20190309T160440.slp,1.7.1,32,2,20 9,6290,1
Gang-Steals\32\Game_20190309T160643.slp,1.7.1,28,2,0 20,9894,1
Gang-Steals\32\Game_20190309T160944.slp,1.7.1,31,2,0 9,11925,1
Gang-Steals\32\Game_20190309T161319.slp,1.7.1,8,2,0 20,8323,1
Gang-Steals\32\Game_20190309T161553.slp,1.7.1,2,2,20 9,8999,1
Gang-Steals\32\Game_20190309T161840.slp,1.7.1,3,2,0 20,7555,1
Gang-Steals\32\Game_20190309T162101.slp,1.7.1,32,2,20 9,8348,1
Gang-Steals\32\Game_20190309T162403.slp,1.7.1,28,2,0 20,8160,1
Gang-Steals\32\Game_20190309T162631.slp,1.7.1,8,2,0 20,7107,1
Gang-Steals\32\Game_20190309T162844.slp,1.7.1,2,2,0 20,10307,1
Gang-Steals\33\Game_20190309T092338.slp,1.7.1,31,2,20 13,5944,1
Gang-Steals\33\Game_20190309T092531.slp,1.7.1,3,2,20 20,6657,1
Gang-Steals\33\Game_20190309T092738.slp,1.7.1,2,2,20 2,9057,1
Gang-Steals\33\Game_20190309T093025.slp,1.7.1,8,2,20 2,5561,1
Gang-Steals\33\Game_20190309T093214.slp,1.7.1,28,2,20 20,8443,1
Gang-Steals\33\Game_20190309T094550.slp,1.7.1,32,2,20 20,4948,1
Gang-Steals\33\Game_20190309T094727.slp,1.7.1,3,2,20 20,5449,1
Gang-Steals\33\Game_20190309T094911.slp,1.7.1,2,2,20 20,3385,1
Gang-Steals\33\Game_20190309T095023.slp,1.7.1,31,2,20 9,10961,1
Gang-Steals\33\Game_20190309T095340.slp,1.7.1,28,2,20 9,11156,1
Gang-Steals\33\Game_20190309T095700.slp,1.7.1,32,2,20 9,9453,1
Gang-Steals\33\Game_20190309T095954.slp,1.7.1,8,2,20 9,8441,1
Gang-Steals\33\Game_20190309T101148.slp,1.7.1,28,2,9 9,193,1
Gang-Steals\33\Game_20190309T101203.slp,1.7.1,32,2,9 9,12327,1
Gang-Steals\33\Game_20190309T101549.slp,1.7.1,3,2,9 9,11091,1
Gang-Steals\33\Game_20190309T101909.slp,1.7.1,8,2,9 9,6261,1
Gang-Steals\33\Game_20190309T102107.slp,1.7.1,31,2,9 9,8412,1
Gang-Steals\33\Game_20190309T102340.slp,1.7.1,2,2,9 9,10021,1
Gang-Steals\33\Game_20190309T102641.slp,1.7.1,31,2,9 9,10267,1
Gang-Steals\33\Game_20190309T102946.slp,1.7.1,28,2,9 9,6313,1
Gang-Steals\33\Game_20190309T103149.slp,1.7.1,3,2,0 9,10202,1
Gang-Steals\33\Game_20190309T103453.slp,1.7.1,8,2,0 9,10466,1
Gang-Steals\33\Game_20190309T103802.slp,1.7.1,2,2,0 9,12305,1
Gang-Steals\33\Game_20190309T104141.slp,1.7.1,32,2,0 9,9746,1
Gang-Steals\33\Game_20190309T104440.slp,1.7.1,32,2,0 9,877,1
Gang-Steals\33\Game_20190309T104539.slp,1.7.1,31,2,2 9,9916,1
Gang-Steals\33\Game_20190309T104838.slp,1.7.1,31,2,2 9,15305,1
Gang-Steals\33\Game_20190309T105310.slp,1.7.1,28,2,2 9,14385,1
Gang-Steals\33\Game_20190309T110029.slp,1.7.1,8,2,2 2,7603,1
Gang-Steals\33\Game_20190309T110253.slp,1.7.1,8,2,9 2,4157,1
Gang-Steals\33\Game_20190309T110517.slp,1.7.1,31,2,15 9,12619,1
Gang-Steals\33\Game_20190309T110910.slp,1.7.1,3,2,15 9,13758,1
Gang-Steals\33\Game_20190309T111319.slp,1.7.1,2,2,15 9,10299,1
Gang-Steals\33\Game_20190309T111749.slp,1.7.1,28,2,2 25,11137,1
Gang-Steals\33\Game_20190309T112219.slp,1.7.1,32,2,0 2,9648,1
Gang-Steals\33\Game_20190309T112516.slp,1.7.1,3,2,0 2,8681,1
Gang-Steals\33\Game_20190309T112854.slp,1.7.1,31,2,0 2,6754,1
Gang-Steals\33\Game_20190309T113102.slp,1.7.1,31,2,0 2,6542,1
Gang-Steals\33\Game_20190309T113459.slp,1.7.1,31,2,25 9,12120,1
Gang-Steals\33\Game_20190309T113839.slp,1.7.1,8,2,25 9,8844,1
Gang-Steals\33\Game_20190309T114122.slp,1.7.1,8,2,25 9,10265,1
Gang-Steals\33\Game_20190309T114640.slp,1.7.1,2,2,15 14,8024,1
Gang-Steals\33\Game_20190309T114908.slp,1.7.1,8,2,15 14,7068,1
Gang-Steals\33\Game_20190309T115245.slp,1.7.1,31,2,15 2,11269,1
Gang-Steals\33\Game_20190309T115607.slp,1.7.1,31,2,15 2,7838,1
Gang-Steals\33\Game_20190309T115928.slp,1.7.1,8,2,3 19,11241,1
Gang-Steals\33\Game_20190309T120336.slp,1.7.1,31,2,9 20,12787,1
Gang-Steals\33\Game_20190309T120727.slp,1.7.1,8,2,9 20,9328,1
Gang-Steals\33\Game_20190309T121122.slp,1.7.1,31,2,20 9,9820,1
Gang-Steals\33\Game_20190309T121420.slp,1.7.1,32,2,20 9,9831,1
Gang-Steals\33\Game_20190309T121823.slp,1.7.1,31,2,2 15,10648,1
Gang-Steals\33\Game_20190309T122137.slp,1.7.1,3,2,2 20,9155,1
Gang-Steals\33\Game_20190309T122534.slp,1.7.1,31,2,20 20,7134,1
Gang-Steals\33\Game_20190309T122754.slp,1.7.1,8,2,20 20,5043,1
Gang-Steals\33\Game_20190309T122937.slp,1.7.1,28,2,20 20,7110,1
Gang-Steals\33\Game_20190309T123324.slp,1.7.1,28,2,7 25,11746,1
Gang-Steals\33\Game_20190309T123704.slp,1.7.1,28,2,2 25,16549,1
Gang-Steals\33\Game_20190309T124736.slp,1.7.1,32,2,19 9,13262,1
Gang-Steals\33\Game_20190309T125132.slp,1.7.1,2,2,19 9,10120,1
Gang-Steals\33\Game_20190309T125524.slp,1.7.1,31,2,15 14,17457,1
Gang-Steals\33\Game_20190309T130029.slp,1.7.1,3,2,15 14,15436,1
Gang-Steals\33\Game_20190309T130547.slp,1.7.1,31,2,9 15,14220,1
Gang-Steals\33\Game_20190309T130959.slp,1.7.1,8,2,9 15,7210,1
Gang-Steals\33\Game_20190309T131400.slp,1.7.1,8,2,14 19,10393,1
Gang-Steals\33\Game_20190309T131718.slp,1.7.1,31,2,2 19,11362,1
Gang-Steals\33\Game_20190309T132055.slp,1.7.1,31,2,14 19,7843,1
Gang-Steals\33\Game_20190309T132431.slp,1.7.1,28,2,0 20,5472,1
Gang-Steals\33\Game_20190309T132626.slp,1.7.1,3,2,0 20,14161,1
Gang-Steals\33\Game_20190309T133046.slp,1.7.1,2,2,0 20,12175,1
Gang-Steals\33\Game_20190309T133601.slp,1.7.1,8,2,2 9,7454,1
Gang-Steals\33\Game_20190309T133830.slp,1.7.1,31,2,19 9,7683,1
Gang-Steals\33\Game_20190309T134425.slp,1.7.1,31,2,0 2,2592,1
Gang-Steals\33\Game_20190309T134710.slp,1.7.1,32,2,18 20,9023,1
Gang-Steals\33\Game_20190309T134959.slp,1.7.1,28,2,12 20,13698,1
Gang-Steals\33\Game_20190309T135451.slp,1.7.1,31,2,2 9,5106,1
Gang-Steals\33\Game_20190309T135636.slp,1.7.1,8,2,2 9,3807,1
Gang-Steals\33\Game_20190309T135900.slp,1.7.1,32,2,0 9,9821,1
Gang-Steals\33\Game_20190309T140202.slp,1.7.1,3,2,0 9,8471,1
Gang-Steals\33\Game_20190309T140442.slp,1.7.1,2,2,0 9,7597,1
Gang-Steals\33\Game_20190309T140831.slp,1.7.1,8,2,20 0,6142,1
Gang-Steals\33\Game_20190309T141028.slp,1.7.1,2,2,20 0,8265,1
Gang-Steals\33\Game_20190309T141336.slp,1.7.1,31,2,25 21,11645,1
Gang-Steals\33\Game_20190309T141707.slp,1.7.1,31,2,25 21,12535,1
Gang-Steals\33\Game_20190309T142050.slp,1.7.1,3,2,25 21,8576,1
Gang-Steals\33\Game_20190309T142454.slp,1.7.1,31,2,20 7,9858,1
Gang-Steals\33\Game_20190309T142751.slp,1.7.1,3,2,20 7,9596,1
Gang-Steals\33\Game_20190309T143048.slp,1.7.1,32,2,20 7,11322,1
Gang-Steals\33\Game_20190309T143603.slp,1.7.1,31,2,20 2,11855,1
Gang-Steals\33\Game_20190309T143934.slp,1.7.1,28,2,20 2,12763,1
Gang-Steals\33\Game_20190309T144413.slp,1.7.1,31,2,9 2,10118,1
Gang-Steals\33\Game_20190309T144717.slp,1.7.1,8,2,9 2,10847,1
Gang-Steals\33\Game_20190309T145032.slp,1.7.1,2,2,9 2,8916,1
Gang-Steals\33\Game_20190309T145426.slp,1.7.1,31,2,9 15,11500,1
Gang-Steals\33\Game_20190309T145751.slp,1.7.1,8,2,9 15,10758,1
Gang-Steals\33\Game_20190309T150105.slp,1.7.1,32,2,9 15,21930,1
Gang-Steals\33\Game_20190309T150816.slp,1.7.1,28,2,2 19,10639,1
Gang-Steals\33\Game_20190309T151128.slp,1.7.1,8,2,2 19,6875,1
Gang-Steals\33\Game_20190309T151428.slp,1.7.1,31,2,20 2,10075,1
Gang-Steals\33\Game_20190309T151731.slp,1.7.1,31,2,20 2,10844,1
Gang-Steals\33\Game_20190309T152137.slp,1.7.1,31,2,20 2,12238,1
Gang-Steals\33\Game_20190309T152514.slp,1.7.1,31,2,20 2,5401,1
Gang-Steals\33\Game_20190309T153614.slp,1.7.1,31,2,2 2,11108,1
Gang-Steals\33\Game_20190309T153936.slp,1.7.1,31,2,2 2,10702,1
Gang-Steals\33\Game_20190309T154249.slp,1.7.1,31,2,2 2,10363,1
Gang-Steals\33\Game_20190309T154806.slp,1.7.1,31,2,2 15,6771,1
Gang-Steals\33\Game_20190309T155012.slp,1.7.1,31,2,2 15,13201,1
Gang-Steals\33\Game_20190309T160357.slp,1.7.1,31,2,19 20,12788,1
Gang-Steals\33\Game_20190309T160743.slp,1.7.1,31,2,19 20,12196,1
Gang-Steals\33\Game_20190309T161134.slp,1.7.1,8,2,19 20,11360,1
Gang-Steals\33\Game_20190309T161458.slp,1.7.1,28,2,19 20,13190,1
Gang-Steals\33\Game_20190309T161852.slp,1.7.1,32,2,19 20,11378,1
Gang-Steals\33\Game_20190309T162217.slp,1.7.1,3,2,19 20,15781,1
Gang-Steals\33\Game_20190309T162656.slp,1.7.1,2,2,19 20,13050,1
Gang-Steals\33\Game_20190309T163049.slp,1.7.1,32,2,19 20,11083,1
Gang-Steals\33\Game_20190309T163408.slp,1.7.1,8,2,19 20,12038,1
Gang-Steals\33\Game_20190309T163743.slp,1.7.1,2,2,19 20,14296,1
Gang-Steals\33\Game_20190309T164154.slp,1.7.1,28,2,19 20,13240,1
Gang-Steals\33\Game_20190309T164550.slp,1.7.1,31,2,19 20,13992,1
Gang-Steals\33\Game_20190309T180233.slp,1.7.1,3,2,9 14,7559,1
Gang-Steals\34\Game_20190309T100812.slp,1.7.1,31,2,2 2,9237,1
Gang-Steals\34\Game_20190309T101103.slp,1.7.1,8,2,2 2,13260,1
Gang-Steals\34\Game_20190309T105957.slp,1.7.1,28,2,2 19,379,1
Gang-Steals\34\Game_20190309T110017.slp,1.7.1,8,2,2 19,9735,1
Gang-Steals\34\Game_20190309T110409.slp,1.7.1,31,2,9 13,12386,1
Gang-Steals\34\Game_20190309T110751.slp,1.7.1,31,2,9 13,10084,1
Gang-Steals\34\Game_20190309T111111.slp,1.7.1,32,2,9 13,12231,1
Gang-Steals\34\Game_20190309T111614.slp,1.7.1,2,2,14 2,8572,1
Gang-Steals\34\Game_20190309T111854.slp,1.7.1,31,2,14 20,887,1
Gang-Steals\34\Game_20190309T112030.slp,1.7.1,31,2,13 9,14403,1
Gang-Steals\34\Game_20190309T112444.slp,1.7.1,31,2,13 9,15757,1
Gang-Steals\34\Game_20190309T113048.slp,1.7.1,28,2,0 14,16063,1
Gang-Steals\34\Game_20190309T113553.slp,1.7.1,3,2,20 14,14727,1
Gang-Steals\34\Game_20190309T114021.slp,1.7.1,2,2,20 14,13284,1
Gang-Steals\34\Game_20190309T114545.slp,1.7.1,8,2,2 9,8085,1
Gang-Steals\34\Game_20190309T114825.slp,1.7.1,2,2,20 9,10791,1
Gang-Steals\34\Game_20190309T115253.slp,1.7.1,31,2,9 19,7483,1
Gang-Steals\34\Game_20190309T115526.slp,1.7.1,2,2,9 19,11066,1
Gang-Steals\34\Game_20190309T120036.slp,1.7.1,2,2,15 9,8718,1
Gang-Steals\34\Game_20190309T120320.slp,1.7.1,31,2,15 9,10353,1
Gang-Steals\34\Game_20190309T120628.slp,1.7.1,2,2,15 9,16370,1
Gang-Steals\34\Game_20190309T121233.slp,1.7.1,31,2,7 9,10112,1
Gang-Steals\34\Game_20190309T121538.slp,1.7.1,32,2,7 9,9561,1
Gang-Steals\34\Game_20190309T121922.slp,1.7.1,31,2,12 9,1811,1
Gang-Steals\34\Game_20190309T122013.slp,1.7.1,31,2,12 9,11008,1
Gang-Steals\34\Game_20190309T122329.slp,1.7.1,32,2,12 9,10168,1
Gang-Steals\34\Game_20190309T122956.slp,1.7.1,32,2,0 2,5467,1
Gang-Steals\34\Game_20190309T123144.slp,1.7.1,3,2,0 2,7351,1
Gang-Steals\34\Game_20190309T123441.slp,1.7.1,2,2,15 20,5392,1
Gang-Steals\34\Game_20190309T123630.slp,1.7.1,32,2,15 9,10924,1
Gang-Steals\34\Game_20190309T123954.slp,1.7.1,31,2,15 9,10453,1
Gang-Steals\34\Game_20190309T124352.slp,1.7.1,31,2,2 9,10905,1
Gang-Steals\34\Game_20190309T124715.slp,1.7.1,3,2,2 2,11467,1
Gang-Steals\34\Game_20190309T125051.slp,1.7.1,2,2,2 20,9823,1
Gang-Steals\34\Game_20190309T125448.slp,1.7.1,28,2,20 9,13301,1
Gang-Steals\34\Game_20190309T125843.slp,1.7.1,2,2,20 9,12154,1
Gang-Steals\34\Game_20190309T130356.slp,1.7.1,8,2,2 19,13828,1
Gang-Steals\34\Game_20190309T130802.slp,1.7.1,8,2,2 19,12979,1
Gang-Steals\34\Game_20190309T131324.slp,1.7.1,3,2,19 2,10614,1
Gang-Steals\34\Game_20190309T131639.slp,1.7.1,8,2,19 2,10297,1
Gang-Steals\34\Game_20190309T131949.slp,1.7.1,31,2,19 2,8059,1
Gang-Steals\34\Game_20190309T132220.slp,1.7.1,28,2,19 2,11498,1
Gang-Steals\34\Game_20190309T132551.slp,1.7.1,32,2,19 2,11540,1
Gang-Steals\34\Game_20190309T133017.slp,1.7.1,31,2,2 0,11597,1
Gang-Steals\34\Game_20190309T133350.slp,1.7.1,8,2,2 0,9639,1
Gang-Steals\34\Game_20190309T133743.slp,1.7.1,31,2,9 20,9082,1
Gang-Steals\34\Game_20190309T134032.slp,1.7.1,3,2,9 20,7373,1
Gang-Steals\34\Game_20190309T134610.slp,1.7.1,28,2,20 19,8214,1
Gang-Steals\34\Game_20190309T134850.slp,1.7.1,3,2,20 19,6030,1
Gang-Steals\34\Game_20190309T135129.slp,1.7.1,31,2,9 20,9890,1
Gang-Steals\34\Game_20190309T135431.slp,1.7.1,2,2,9 20,6590,1
Gang-Steals\34\Game_20190309T135731.slp,1.7.1,31,2,2 7,10658,1
Gang-Steals\34\Game_20190309T140045.slp,1.7.1,31,2,2 7,10205,1
Gang-Steals\34\Game_20190309T140350.slp,1.7.1,2,2,2 7,9417,1
Gang-Steals\34\Game_20190309T141219.slp,1.7.1,2,2,2 9,8161,1
Gang-Steals\34\Game_20190309T141449.slp,1.7.1,8,2,2 9,11583,1
Gang-Steals\34\Game_20190309T141826.slp,1.7.1,3,2,2 9,11429,1
Gang-Steals\34\Game_20190309T142258.slp,1.7.1,31,2,2 7,10461,1
Gang-Steals\34\Game_20190309T142615.slp,1.7.1,32,2,2 7,10892,1
Gang-Steals\34\Game_20190309T142933.slp,1.7.1,32,2,2 7,13215,1
Gang-Steals\34\Game_20190309T143644.slp,1.7.1,31,2,2 21,8233,1
Gang-Steals\34\Game_20190309T143917.slp,1.7.1,3,2,2 21,13009,1
Gang-Steals\34\Game_20190309T144352.slp,1.7.1,2,2,20 12,13738,1
Gang-Steals\34\Game_20190309T144759.slp,1.7.1,28,2,20 12,15147,1
Gang-Steals\34\Game_20190309T145226.slp,1.7.1,31,2,20 12,9221,1
Gang-Steals\34\Game_20190309T145614.slp,1.7.1,32,2,9 14,6046,1
Gang-Steals\34\Game_20190309T145814.slp,1.7.1,28,2,15 14,13134,1
Gang-Steals\34\Game_20190309T150255.slp,1.7.1,31,2,2 20,8313,1
Gang-Steals\34\Game_20190309T150529.slp,1.7.1,31,2,2 2,6762,1
Gang-Steals\34\Game_20190309T150936.slp,1.7.1,31,2,2 20,8974,1
Gang-Steals\34\Game_20190309T151225.slp,1.7.1,31,2,2 20,12988,1
Gang-Steals\34\Game_20190309T151618.slp,1.7.1,2,2,2 20,11579,1
Gang-Steals\34\Game_20190309T152113.slp,1.7.1,31,2,20 8,12237,1
Gang-Steals\34\Game_20190309T152506.slp,1.7.1,8,2,20 8,12981,1
Gang-Steals\34\Game_20190309T170035.slp,1.7.1,2,2,0 2,9118,1
Gang-Steals\34\Game_20190309T170329.slp,1.7.1,31,2,0 20,11269,1
Gang-Steals\34\Game_20190309T170657.slp,1.7.1,28,2,0 25,9585,1
Gang-Steals\34\Game_20190309T170958.slp,1.7.1,32,2,0 9,6863,1
Gang-Steals\34\Game_20190309T171246.slp,1.7.1,3,2,0 0,8905,1
Gang-Steals\34\Game_20190309T171559.slp,1.7.1,32,2,2 2,8362,1
Gang-Steals\34\Game_20190309T171837.slp,1.7.1,28,2,0 2,10619,1
Gang-Steals\34\Game_20190309T172155.slp,1.7.1,3,2,2 0,15694,1
Gang-Steals\34\Game_20190309T172644.slp,1.7.1,31,2,2 1,13740,1
Gang-Steals\34\Game_20190309T173109.slp,1.7.1,28,2,9 2,8990,1
Gang-Steals\34\Game_20190309T173358.slp,1.7.1,2,2,12 9,12474,1
Gang-Steals\34\Game_20190309T173746.slp,1.7.1,31,2,9 0,7097,1
Gang-Steals\34\Game_20190309T174003.slp,1.7.1,3,2,12 0,10453,1
Gang-Steals\34\Game_20190309T174329.slp,1.7.1,32,2,20 0,6498,1
Gang-Steals\34\Game_20190309T174537.slp,1.7.1,8,2,2 20,10637,1
Gang-Steals\34\Game_20190309T174855.slp,1.7.1,32,2,20 2,8266,1
Gang-Steals\34\Game_20190309T175136.slp,1.7.1,28,2,14 2,16912,1
Gang-Steals\34\Game_20190309T175703.slp,1.7.1,8,2,13 2,8172,1
Gang-Steals\35\Game_20190309T092832.slp,1.7.1,3,2,2 20,39,1
Gang-Steals\35\Game_20190309T092849.slp,1.7.1,8,2,2 20,6,1
Gang-Steals\35\Game_20190309T092915.slp,1.7.1,31,2,2 20,8624,1
Gang-Steals\35\Game_20190309T093156.slp,1.7.1,32,2,2 20,7307,1
Gang-Steals\35\Game_20190309T093413.slp,1.7.1,2,2,15 20,10367,1
Gang-Steals\35\Game_20190309T093721.slp,1.7.1,28,2,15 20,17623,1
Gang-Steals\35\Game_20190309T094230.slp,1.7.1,28,2,15 20,13771,1
Gang-Steals\35\Game_20190309T094636.slp,1.7.1,32,2,9 20,5,1
Gang-Steals\35\Game_20190309T094700.slp,1.7.1,2,2,9 20,5640,1
Gang-Steals\35\Game_20190309T094849.slp,1.7.1,8,2,15 20,9533,1
Gang-Steals\35\Game_20190309T095144.slp,1.7.1,3,2,2 9,14287,1
Gang-Steals\35\Game_20190309T095610.slp,1.7.1,31,2,15 20,8020,1
Gang-Steals\35\Game_20190309T101544.slp,1.7.1,31,2,14 12,6625,1
Gang-Steals\35\Game_20190309T101750.slp,1.7.1,31,2,14 2,4502,1
Gang-Steals\35\Game_20190309T101925.slp,1.7.1,8,2,20 2,3418,1
Gang-Steals\35\Game_20190309T102036.slp,1.7.1,31,2,14 25,2821,1
Gang-Steals\35\Game_20190309T102202.slp,1.7.1,2,2,14 19,11426,1
Gang-Steals\35\Game_20190309T102527.slp,1.7.1,32,2,14 19,12936,1
Gang-Steals\35\Game_20190309T102918.slp,1.7.1,3,2,14 19,14303,1
Gang-Steals\35\Game_20190309T103332.slp,1.7.1,31,2,14 19,10173,1
Gang-Steals\35\Game_20190309T103636.slp,1.7.1,8,2,14 19,14105,1
Gang-Steals\35\Game_20190309T104049.slp,1.7.1,32,2,14 19,15824,1
Gang-Steals\35\Game_20190309T104534.slp,1.7.1,28,2,14 19,12821,1
Gang-Steals\35\Game_20190309T105023.slp,1.7.1,8,2,9 20,9231,1
Gang-Steals\35\Game_20190309T105312.slp,1.7.1,3,2,9 20,9346,1
Gang-Steals\35\Game_20190309T105602.slp,1.7.1,31,2,9 20,8697,1
Gang-Steals\35\Game_20190309T113749.slp,1.7.1,3,2,9 0,7997,1
Gang-Steals\35\Game_20190309T114028.slp,1.7.1,31,2,9 0,8360,1
Gang-Steals\35\Game_20190309T114303.slp,1.7.1,8,2,9 0,4897,1
Gang-Steals\35\Game_20190309T114440.slp,1.7.1,31,2,9 0,9436,1
Gang-Steals\35\Game_20190309T114735.slp,1.7.1,3,2,9 0,1987,1
Gang-Steals\35\Game_20190309T122116.slp,1.7.1,2,2,19 12,13646,1
Gang-Steals\35\Game_20190309T122525.slp,1.7.1,8,2,19 12,13109,1
Gang-Steals\35\Game_20190309T123351.slp,1.7.1,8,2,20 19,12552,1
Gang-Steals\35\Game_20190309T134359.slp,1.7.1,8,2,0 9,5874,1
Gang-Steals\35\Game_20190309T134558.slp,1.7.1,3,2,6 9,10134,1
Gang-Steals\35\Game_20190309T134900.slp,1.7.1,8,2,6 9,7317,1
Gang-Steals\35\Game_20190309T135346.slp,1.7.1,31,2,9 20,8481,1
Gang-Steals\35\Game_20190309T135622.slp,1.7.1,2,2,9 20,5450,1
Gang-Steals\35\Game_20190309T140030.slp,1.7.1,8,2,2 9,9059,1
Gang-Steals\35\Game_20190309T140316.slp,1.7.1,3,2,2 9,13270,1
Gang-Steals\35\Game_20190309T140713.slp,1.7.1,32,2,2 9,16096,1
Gang-Steals\35\Game_20190309T141234.slp,1.7.1,31,2,20 20,10179,1
Gang-Steals\35\Game_20190309T141542.slp,1.7.1,31,2,20 15,16582,1
Gang-Steals\35\Game_20190309T142654.slp,1.7.1,31,2,2 7,9933,1
Gang-Steals\35\Game_20190309T142955.slp,1.7.1,2,2,2 7,11898,1
Gang-Steals\35\Game_20190309T143552.slp,1.7.1,28,2,12 2,5536,1
Gang-Steals\35\Game_20190309T143741.slp,1.7.1,31,2,12 2,6910,1
Gang-Steals\35\Game_20190309T144050.slp,1.7.1,8,2,0 2,7941,1
Gang-Steals\35\Game_20190309T144318.slp,1.7.1,31,2,0 2,9676,1
Gang-Steals\35\Game_20190309T144711.slp,1.7.1,31,2,7 2,7538,1
Gang-Steals\35\Game_20190309T144932.slp,1.7.1,8,2,7 25,4694,1
Gang-Steals\35\Game_20190309T145405.slp,1.7.1,31,2,0 2,6879,1
Gang-Steals\35\Game_20190309T145618.slp,1.7.1,28,2,0 2,6842,1
Gang-Steals\35\Game_20190309T150020.slp,1.7.1,28,2,0 12,8929,1
Gang-Steals\35\Game_20190309T150323.slp,1.7.1,3,2,0 12,11887,1
Gang-Steals\35\Game_20190309T150810.slp,1.7.1,31,2,20 20,6580,1
Gang-Steals\35\Game_20190309T151013.slp,1.7.1,8,2,20 20,8934,1
Gang-Steals\35\Game_20190309T151404.slp,1.7.1,8,2,12 14,10508,1
Gang-Steals\35\Game_20190309T151724.slp,1.7.1,2,2,19 11,11566,1
Gang-Steals\35\Game_20190309T152155.slp,1.7.1,31,2,9 25,11529,1
Gang-Steals\35\Game_20190309T152522.slp,1.7.1,8,2,0 25,7568,1
Gang-Steals\35\Game_20190309T153348.slp,1.7.1,31,2,0 0,3164,1
Gang-Steals\35\Game_20190309T153451.slp,1.7.1,2,2,0 0,6992,1
Gang-Steals\35\Game_20190309T153704.slp,1.7.1,32,2,2 0,10872,1
Gang-Steals\35\Game_20190309T154634.slp,1.7.1,32,2,2 0,9218,1
Gang-Steals\35\Game_20190309T154922.slp,1.7.1,2,2,2 0,3824,1
Gang-Steals\35\Game_20190309T155332.slp,1.7.1,31,2,2 0,4673,1
Gang-Steals\35\Game_20190309T155535.slp,1.7.1,28,2,2 0,11441,1
Gang-Steals\35\Game_20190309T155859.slp,1.7.1,28,2,2 0,10187,1
Gang-Steals\35\Game_20190309T160207.slp,1.7.1,3,2,2 0,7841,1
Gang-Steals\35\Game_20190309T160432.slp,1.7.1,31,2,2 0,5543,1
Gang-Steals\35\Game_20190309T160621.slp,1.7.1,2,2,2 0,7116,1
Gang-Steals\35\Game_20190309T160835.slp,1.7.1,8,2,2 0,6181,1
Gang-Steals\35\Game_20190309T161033.slp,1.7.1,32,2,2 0,9650,1
Gang-Steals\35\Game_20190309T161328.slp,1.7.1,8,2,2 0,7525,1
Gang-Steals\35\Game_20190309T161549.slp,1.7.1,28,2,2 0,8098,1
Gang-Steals\35\Game_20190309T161823.slp,1.7.1,31,2,2 0,9406,1
Gang-Steals\35\Game_20190309T162112.slp,1.7.1,2,2,2 0,5897,1
Gang-Steals\35\Game_20190309T162304.slp,1.7.1,3,2,2 0,8921,1
Gang-Steals\35\Game_20190309T162659.slp,1.7.1,32,2,19 0,10526,1
Gang-Steals\35\Game_20190309T163008.slp,1.7.1,32,2,19 0,12304,1
Gang-Steals\35\Game_20190309T163350.slp,1.7.1,8,2,19 0,9617,1
Gang-Steals\35\Game_20190309T163646.slp,1.7.1,3,2,19 0,7781,1
Gang-Steals\35\Game_20190309T163911.slp,1.7.1,31,2,19 0,11237,1
Gang-Steals\35\Game_20190309T164233.slp,1.7.1,2,2,19 0,7611,1
Gang-Steals\35\Game_20190309T164455.slp,1.7.1,28,2,19 0,11085,1
Gang-Steals\35\Game_20190309T164814.slp,1.7.1,2,2,19 0,11225,1
Gang-Steals\35\Game_20190309T165312.slp,1.7.1,31,2,19 2,9597,1
Gang-Steals\35\Game_20190309T165610.slp,1.7.1,31,2,19 2,13742,1
Gang-Steals\35\Game_20190309T170114.slp,1.7.1,31,2,0 2,14319,1
Gang-Steals\35\Game_20190309T170529.slp,1.7.1,31,2,0 2,8888,1
Gang-Steals\35\Game_20190309T170812.slp,1.7.1,31,2,0 2,7411,1
Gang-Steals\35\Game_20190309T171031.slp,1.7.1,2,2,0 2,9766,1
Gang-Steals\35\Game_20190309T171328.slp,1.7.1,2,2,0 2,9658,1
Gang-Steals\35\Game_20190309T171719.slp,1.7.1,31,2,0 2,8954,1
Gang-Steals\35\Game_20190309T172002.slp,1.7.1,31,2,0 2,8097,1
Gang-Steals\35\Game_20190309T172232.slp,1.7.1,32,2,9 2,10171,1
Gang-Steals\35\Game_20190309T172540.slp,1.7.1,28,2,9 2,8433,1
Gang-Steals\35\Game_20190309T172815.slp,1.7.1,8,2,9 2,10195,1
Gang-Steals\35\Game_20190309T173350.slp,1.7.1,31,2,15 2,10191,1
Gang-Steals\35\Game_20190309T173656.slp,1.7.1,28,2,15 2,13609,1
Gang-Steals\35\Game_20190309T174057.slp,1.7.1,28,2,20 2,12236,1
Gang-Steals\35\Game_20190309T174520.slp,1.7.1,31,2,20 2,8152,1
Gang-Steals\35\Game_20190309T174749.slp,1.7.1,8,2,20 2,4798,1
Gang-Steals\35\Game_20190309T174925.slp,1.7.1,31,2,2 2,9716,1
Gang-Steals\35\Game_20190309T175222.slp,1.7.1,32,2,2 2,10907,1
Gang-Steals\35\Game_20190309T175541.slp,1.7.1,3,2,2 2,12374,1
Gang-Steals\36\Game_20190309T095446.slp,1.7.1,32,2,2 12,12939,1
Gang-Steals\36\Game_20190309T101619.slp,1.7.1,31,2,20 0,9714,1
Gang-Steals\36\Game_20190309T101930.slp,1.7.1,3,2,20 0,9558,1
Gang-Steals\36\Game_20190309T102227.slp,1.7.1,8,2,2 0,7898,1
Gang-Steals\36\Game_20190309T102552.slp,1.7.1,31,2,2 2,12148,1
Gang-Steals\36\Game_20190309T102930.slp,1.7.1,31,2,2 2,2886,1
Gang-Steals\36\Game_20190309T103326.slp,1.7.1,31,2,20 2,12310,1
Gang-Steals\36\Game_20190309T103707.slp,1.7.1,31,2,20 2,10019,1
Gang-Steals\36\Game_20190309T104018.slp,1.7.1,28,2,20 2,8338,1
Gang-Steals\36\Game_20190309T104522.slp,1.7.1,31,2,25 20,9476,1
Gang-Steals\36\Game_20190309T104817.slp,1.7.1,8,2,25 20,7640,1
Gang-Steals\36\Game_20190309T105148.slp,1.7.1,8,2,25 20,39,1
Gang-Steals\36\Game_20190309T105207.slp,1.7.1,31,2,20 19,10917,1
Gang-Steals\36\Game_20190309T105528.slp,1.7.1,8,2,20 19,15348,1
Gang-Steals\36\Game_20190309T110047.slp,1.7.1,31,2,2 9,7193,1
Gang-Steals\36\Game_20190309T110315.slp,1.7.1,2,2,2 9,8991,1
Gang-Steals\36\Game_20190309T110707.slp,1.7.1,8,2,9 19,7606,1
Gang-Steals\36\Game_20190309T110932.slp,1.7.1,31,2,9 19,9485,1
Gang-Steals\36\Game_20190309T111307.slp,1.7.1,31,2,2 2,6625,1
Gang-Steals\36\Game_20190309T111517.slp,1.7.1,3,2,2 2,7955,1
Gang-Steals\36\Game_20190309T111900.slp,1.7.1,31,2,0 20,9178,1
Gang-Steals\36\Game_20190309T112150.slp,1.7.1,2,2,0 20,8132,1
Gang-Steals\36\Game_20190309T112521.slp,1.7.1,31,2,25 19,10004,1
Gang-Steals\36\Game_20190309T112826.slp,1.7.1,8,2,25 19,9562,1
Gang-Steals\36\Game_20190309T113245.slp,1.7.1,31,2,15 20,13174,1
Gang-Steals\36\Game_20190309T113714.slp,1.7.1,3,2,15 20,16415,1
Gang-Steals\36\Game_20190309T114857.slp,1.7.1,31,2,20 0,7431,1
Gang-Steals\36\Game_20190309T115116.slp,1.7.1,3,2,20 0,4697,1
Gang-Steals\36\Game_20190309T115405.slp,1.7.1,31,2,9 14,11350,1
Gang-Steals\36\Game_20190309T115735.slp,1.7.1,31,2,9 14,9658,1
Gang-Steals\36\Game_20190309T120118.slp,1.7.1,31,2,20 15,6010,1
Gang-Steals\36\Game_20190309T120316.slp,1.7.1,8,2,2 15,6162,1
Gang-Steals\36\Game_20190309T120622.slp,1.7.1,2,2,8 9,13390,1
Gang-Steals\36\Game_20190309T121023.slp,1.7.1,32,2,8 9,19886,1
Gang-Steals\36\Game_20190309T121610.slp,1.7.1,8,2,8 9,11314,1
Gang-Steals\36\Game_20190309T122027.slp,1.7.1,31,2,20 20,10224,1
Gang-Steals\36\Game_20190309T122335.slp,1.7.1,8,2,20 20,7668,1
Gang-Steals\36\Game_20190309T122833.slp,1.7.1,31,2,2 9,6404,1
Gang-Steals\36\Game_20190309T123036.slp,1.7.1,31,2,2 9,13987,1
Gang-Steals\36\Game_20190309T123843.slp,1.7.1,8,2,0 20,7415,1
Gang-Steals\36\Game_20190309T124101.slp,1.7.1,31,2,0 20,8619,1
Gang-Steals\36\Game_20190309T124532.slp,1.7.1,2,2,2 14,6371,1
Gang-Steals\36\Game_20190309T124736.slp,1.7.1,8,2,9 14,12897,1
Gang-Steals\36\Game_20190309T125245.slp,1.7.1,32,2,7 9,8395,1
Gang-Steals\36\Game_20190309T125523.slp,1.7.1,32,2,7 9,8105,1
Gang-Steals\36\Game_20190309T125816.slp,1.7.1,31,2,9 21,8097,1
Gang-Steals\36\Game_20190309T130051.slp,1.7.1,2,2,9 21,8144,1
Gang-Steals\36\Game_20190309T130444.slp,1.7.1,28,2,20 0,5022,1
Gang-Steals\36\Game_20190309T130626.slp,1.7.1,8,2,20 17,8184,1
Gang-Steals\36\Game_20190309T131039.slp,1.7.1,31,2,20 7,7633,1
Gang-Steals\36\Game_20190309T131301.slp,1.7.1,28,2,20 7,12205,1
Gang-Steals\36\Game_20190309T131733.slp,1.7.1,31,2,14 9,9505,1
Gang-Steals\36\Game_20190309T132031.slp,1.7.1,2,2,14 9,14005,1
Gang-Steals\36\Game_20190309T132443.slp,1.7.1,28,2,14 9,9871,1
Gang-Steals\36\Game_20190309T132844.slp,1.7.1,8,2,9 19,10702,1
Gang-Steals\36\Game_20190309T133158.slp,1.7.1,31,2,9 19,11242,1
Gang-Steals\36\Game_20190309T133527.slp,1.7.1,3,2,9 19,7187,1
Gang-Steals\36\Game_20190309T133827.slp,1.7.1,31,2,0 0,5159,1
Gang-Steals\36\Game_20190309T134008.slp,1.7.1,31,2,0 0,5507,1
Gang-Steals\36\Game_20190309T135133.slp,1.7.1,31,2,21 9,10901,1
Gang-Steals\36\Game_20190309T135456.slp,1.7.1,31,2,2 9,10867,1
Gang-Steals\36\Game_20190309T135845.slp,1.7.1,31,2,9 19,8325,1
Gang-Steals\36\Game_20190309T140124.slp,1.7.1,31,2,2 19,9840,1
Gang-Steals\36\Game_20190309T140555.slp,1.7.1,31,2,25 9,9601,1
Gang-Steals\36\Game_20190309T140850.slp,1.7.1,2,2,25 9,7374,1
Gang-Steals\36\Game_20190309T141208.slp,1.7.1,2,2,0 12,11358,1
Gang-Steals\36\Game_20190309T141535.slp,1.7.1,28,2,0 12,10381,1
Gang-Steals\36\Game_20190309T141845.slp,1.7.1,8,2,0 12,6604,1
Gang-Steals\36\Game_20190309T142131.slp,1.7.1,31,2,19 2,6459,1
Gang-Steals\36\Game_20190309T142338.slp,1.7.1,8,2,19 2,7598,1
Gang-Steals\36\Game_20190309T142655.slp,1.7.1,28,2,2 12,12137,1
Gang-Steals\36\Game_20190309T143032.slp,1.7.1,8,2,2 12,9309,1
Gang-Steals\36\Game_20190309T143419.slp,1.7.1,28,2,14 13,14394,1
Gang-Steals\36\Game_20190309T143844.slp,1.7.1,3,2,14 16,14454,1
Gang-Steals\36\Game_20190309T144515.slp,1.7.1,31,2,9 14,10930,1
Gang-Steals\36\Game_20190309T144836.slp,1.7.1,28,2,9 14,11212,1
Gang-Steals\36\Game_20190309T150051.slp,1.7.1,8,2,2 9,8658,1
Gang-Steals\36\Game_20190309T150330.slp,1.7.1,8,2,2 9,11326,1
Gang-Steals\36\Game_20190309T150657.slp,1.7.1,3,2,2 9,13761,1
Gang-Steals\36\Game_20190309T151327.slp,1.7.1,31,2,12 9,15603,1
Gang-Steals\36\Game_20190309T151803.slp,1.7.1,31,2,12 9,892,1
Gang-Steals\36\Game_20190309T151833.slp,1.7.1,32,2,12 9,15067,1
Gang-Steals\36\Game_20190309T152401.slp,1.7.1,31,2,15 20,9332,1
Gang-Steals\36\Game_20190309T152652.slp,1.7.1,3,2,15 20,8106,1
Gang-Steals\36\Game_20190309T152930.slp,1.7.1,2,2,15 20,7850,1
Gang-Steals\36\Game_20190309T155715.slp,1.7.1,8,2,9 0,36000,1
Gang-Steals\36\Game_20190309T160751.slp,1.7.1,32,2,9 0,36000,1
Gang-Steals\36\Game_20190309T162101.slp,1.7.1,31,2,9 15,11027,1
Gang-Steals\36\Game_20190309T162451.slp,1.7.1,31,2,0 12,3,1
Gang-Steals\36\Game_20190309T162519.slp,1.7.1,31,2,0 12,6738,1
Gang-Steals\36\Game_20190309T162728.slp,1.7.1,31,2,9 0,15060,1
Gang-Steals\36\Game_20190309T163156.slp,1.7.1,31,2,0 0,6719,1
Gang-Steals\36\Game_20190309T163403.slp,1.7.1,31,2,0 2,11589,1
Gang-Steals\36\Game_20190309T163732.slp,1.7.1,31,2,0 15,19,1
Gang-Steals\36\Game_20190309T163750.slp,1.7.1,2,2,0 15,5178,1
Gang-Steals\36\Game_20190309T163929.slp,1.7.1,28,2,9 15,14449,1
Gang-Steals\36\Game_20190309T164347.slp,1.7.1,3,2,9 12,8748,1
Gang-Steals\36\Game_20190309T164635.slp,1.7.1,8,2,9 16,6466,1
Gang-Steals\36\Game_20190309T164838.slp,1.7.1,32,2,9 16,8662,1
Gang-Steals\36\Game_20190309T165118.slp,1.7.1,8,2,9 19,8553,1
Gang-Steals\36\Game_20190309T165431.slp,1.7.1,32,2,2 19,161,1
Gang-Steals\36\Game_20190309T165541.slp,1.7.1,3,2,16 12,11640,1
Gang-Steals\36\Game_20190309T165914.slp,1.7.1,28,2,16 12,17050,1
Gang-Steals\36\Game_20190309T170418.slp,1.7.1,31,2,16 12,19592,1
Gang-Steals\36\Game_20190309T171010.slp,1.7.1,2,2,16 12,6729,1
Gang-Steals\36\Game_20190309T171217.slp,1.7.1,28,2,16 12,17414,1
Gang-Steals\36\Game_20190309T171728.slp,1.7.1,2,2,16 12,12433,1
Gang-Steals\36\Game_20190309T172116.slp,1.7.1,32,2,16 19,17545,1
Gang-Steals\36\Game_20190309T172631.slp,1.7.1,31,2,16 19,9309,1
Gang-Steals\36\Game_20190309T172923.slp,1.7.1,3,2,16 19,16341,1
Gang-Steals\36\Game_20190309T173418.slp,1.7.1,8,2,16 15,11077,1
Gang-Steals\36\Game_20190309T173741.slp,1.7.1,28,2,16 15,13325,1
Gang-Steals\36\Game_20190309T174151.slp,1.7.1,3,2,16 15,10347,1
Gang-Steals\36\Game_20190309T174623.slp,1.7.1,31,2,20 12,9158,1
Gang-Steals\36\Game_20190309T174913.slp,1.7.1,2,2,20 12,11111,1
Gang-Steals\36\Game_20190309T175234.slp,1.7.1,8,2,20 12,8230,1
Gang-Steals\36\Game_20190309T175516.slp,1.7.1,32,2,20 12,8956,1
Gang-Steals\36\Game_20190309T175802.slp,1.7.1,3,2,20 12,9508,1
Gang-Steals\36\Game_20190309T180055.slp,1.7.1,32,2,20 12,1277,1
Gang-Steals\37\Game_20190309T093814.slp,1.7.1,32,2,9 2,2802,1
Gang-Steals\37\Game_20190309T093925.slp,1.7.1,32,2,9 2,5534,1
Gang-Steals\37\Game_20190309T094133.slp,1.7.1,8,2,9 20,9572,1
Gang-Steals\37\Game_20190309T094427.slp,1.7.1,31,2,9 20,11748,1
Gang-Steals\37\Game_20190309T094814.slp,1.7.1,2,2,9 20,8043,1
Gang-Steals\37\Game_20190309T095043.slp,1.7.1,32,2,9 20,8913,1
Gang-Steals\37\Game_20190309T095327.slp,1.7.1,3,2,9 20,9989,1
Gang-Steals\37\Game_20190309T095806.slp,1.7.1,32,2,9 2,3602,1
Gang-Steals\37\Game_20190309T100341.slp,1.7.1,28,2,0 12,12549,1
Gang-Steals\37\Game_20190309T100732.slp,1.7.1,32,2,0 12,10128,1
Gang-Steals\37\Game_20190309T101036.slp,1.7.1,28,2,0 12,12035,1
Gang-Steals\37\Game_20190309T101411.slp,1.7.1,2,2,0 12,10482,1
Gang-Steals\37\Game_20190309T101725.slp,1.7.1,8,2,0 12,6825,1
Gang-Steals\37\Game_20190309T101935.slp,1.7.1,3,2,0 12,10799,1
Gang-Steals\37\Game_20190309T102254.slp,1.7.1,31,2,0 12,10881,1
Gang-Steals\37\Game_20190309T102624.slp,1.7.1,2,2,0 12,7198,1
Gang-Steals\37\Game_20190309T102852.slp,1.7.1,3,2,0 9,10354,1
Gang-Steals\37\Game_20190309T103215.slp,1.7.1,32,2,0 12,8725,1
Gang-Steals\37\Game_20190309T103456.slp,1.7.1,8,2,0 9,5460,1
Gang-Steals\37\Game_20190309T103647.slp,1.7.1,28,2,0 12,5919,1
Gang-Steals\37\Game_20190309T103901.slp,1.7.1,31,2,9 12,12223,1
Gang-Steals\37\Game_20190309T104247.slp,1.7.1,8,2,0 9,7304,1
Gang-Steals\37\Game_20190309T104508.slp,1.7.1,28,2,0 12,13112,1
Gang-Steals\37\Game_20190309T104907.slp,1.7.1,2,2,0 9,6668,1
Gang-Steals\37\Game_20190309T105133.slp,1.7.1,32,2,0 12,8893,1
Gang-Steals\37\Game_20190309T105419.slp,1.7.1,3,2,9 12,17165,1
Gang-Steals\37\Game_20190309T105921.slp,1.7.1,31,2,0 12,11167,1
Gang-Steals\37\Game_20190309T110240.slp,1.7.1,8,2,0 9,6894,1
Gang-Steals\37\Game_20190309T110556.slp,1.7.1,31,2,2 9,18200,1
Gang-Steals\37\Game_20190309T111117.slp,1.7.1,32,2,2 9,7544,1
Gang-Steals\37\Game_20190309T111442.slp,1.7.1,31,2,20 19,15489,1
Gang-Steals\37\Game_20190309T111927.slp,1.7.1,2,2,20 19,8675,1
Gang-Steals\37\Game_20190309T112449.slp,1.7.1,31,2,14 20,8491,1
Gang-Steals\37\Game_20190309T112729.slp,1.7.1,8,2,20 9,5329,1
Gang-Steals\37\Game_20190309T113031.slp,1.7.1,31,2,9 19,6609,1
Gang-Steals\37\Game_20190309T113237.slp,1.7.1,28,2,15 19,10793,1
Gang-Steals\37\Game_20190309T113638.slp,1.7.1,31,2,9 15,1172,1
Gang-Steals\37\Game_20190309T113711.slp,1.7.1,31,2,9 15,10273,1
Gang-Steals\37\Game_20190309T114017.slp,1.7.1,8,2,9 15,3709,1
Gang-Steals\37\Game_20190309T114142.slp,1.7.1,31,2,20 15,10194,1
Gang-Steals\37\Game_20190309T114720.slp,1.7.1,31,2,19 2,10790,1
Gang-Steals\37\Game_20190309T115036.slp,1.7.1,8,2,19 2,9671,1
Gang-Steals\37\Game_20190309T115416.slp,1.7.1,31,2,19 2,9046,1
Gang-Steals\37\Game_20190309T115708.slp,1.7.1,8,2,9 2,5815,1
Gang-Steals\37\Game_20190309T115951.slp,1.7.1,31,2,7 12,14101,1
Gang-Steals\37\Game_20190309T120405.slp,1.7.1,31,2,7 12,9716,1
Gang-Steals\37\Game_20190309T120847.slp,1.7.1,2,2,15 9,5121,1
Gang-Steals\37\Game_20190309T121039.slp,1.7.1,28,2,0 0,8526,1
Gang-Steals\37\Game_20190309T121418.slp,1.7.1,31,2,19 2,9455,1
Gang-Steals\37\Game_20190309T121717.slp,1.7.1,8,2,2 9,12186,1
Gang-Steals\37\Game_20190309T122105.slp,1.7.1,2,2,19 9,11891,1
Gang-Steals\37\Game_20190309T122639.slp,1.7.1,28,2,12 20,10542,1
Gang-Steals\37\Game_20190309T122957.slp,1.7.1,3,2,12 19,13010,1
Gang-Steals\37\Game_20190309T123430.slp,1.7.1,31,2,19 2,11185,1
Gang-Steals\37\Game_20190309T123757.slp,1.7.1,31,2,19 2,7380,1
Gang-Steals\37\Game_20190309T124117.slp,1.7.1,28,2,2 19,14738,1
Gang-Steals\37\Game_20190309T124542.slp,1.7.1,2,2,2 19,16938,1
Gang-Steals\37\Game_20190309T125215.slp,1.7.1,31,2,0 14,9706,1
Gang-Steals\37\Game_20190309T125516.slp,1.7.1,28,2,0 14,9082,1
Gang-Steals\37\Game_20190309T125915.slp,1.7.1,31,2,9 2,13515,1
Gang-Steals\37\Game_20190309T130316.slp,1.7.1,31,2,9 2,12366,1
Gang-Steals\37\Game_20190309T130802.slp,1.7.1,31,2,9 0,8342,1
Gang-Steals\37\Game_20190309T131046.slp,1.7.1,32,2,14 0,8900,1
Gang-Steals\37\Game_20190309T131331.slp,1.7.1,8,2,9 0,2859,1
Gang-Steals\37\Game_20190309T131534.slp,1.7.1,8,2,22 12,8672,1
Gang-Steals\37\Game_20190309T131812.slp,1.7.1,31,2,22 12,1585,1
Gang-Steals\37\Game_20190309T131930.slp,1.7.1,31,2,0 0,7039,1
Gang-Steals\37\Game_20190309T132142.slp,1.7.1,32,2,0 0,8988,1
Gang-Steals\37\Game_20190309T132440.slp,1.7.1,3,2,0 0,8201,1
Gang-Steals\37\Game_20190309T132753.slp,1.7.1,31,2,9 12,12975,1
Gang-Steals\37\Game_20190309T133145.slp,1.7.1,32,2,9 12,11454,1
Gang-Steals\37\Game_20190309T133658.slp,1.7.1,28,2,19 19,14336,1
Gang-Steals\37\Game_20190309T134113.slp,1.7.1,8,2,19 19,7083,1
Gang-Steals\37\Game_20190309T134443.slp,1.7.1,32,2,2 0,996,1
Gang-Steals\37\Game_20190309T134527.slp,1.7.1,32,2,2 0,12600,1
Gang-Steals\37\Game_20190309T134915.slp,1.7.1,3,2,2 0,15646,1
Gang-Steals\37\Game_20190309T135404.slp,1.7.1,28,2,2 0,13423,1
Gang-Steals\37\Game_20190309T135944.slp,1.7.1,31,2,9 12,14107,1
Gang-Steals\37\Game_20190309T140354.slp,1.7.1,3,2,9 12,12910,1
Gang-Steals\37\Game_20190309T140849.slp,1.7.1,31,2,7 9,8799,1
Gang-Steals\37\Game_20190309T141130.slp,1.7.1,32,2,7 9,11837,1
Gang-Steals\37\Game_20190309T141501.slp,1.7.1,2,2,7 9,11033,1
Gang-Steals\37\Game_20190309T141858.slp,1.7.1,31,2,2 20,7895,1
Gang-Steals\37\Game_20190309T142136.slp,1.7.1,3,2,2 20,7110,1
Gang-Steals\37\Game_20190309T142550.slp,1.7.1,31,2,9 2,10034,1
Gang-Steals\37\Game_20190309T142853.slp,1.7.1,8,2,9 2,9967,1
Gang-Steals\37\Game_20190309T143358.slp,1.7.1,32,2,14 9,13116,1
Gang-Steals\37\Game_20190309T143823.slp,1.7.1,2,2,14 9,11024,1
Gang-Steals\37\Game_20190309T144248.slp,1.7.1,31,2,15 9,8995,1
Gang-Steals\37\Game_20190309T144531.slp,1.7.1,31,2,15 9,9122,1
Gang-Steals\37\Game_20190309T144905.slp,1.7.1,31,2,0 25,6915,1
Gang-Steals\37\Game_20190309T145115.slp,1.7.1,2,2,0 25,8822,1
Gang-Steals\37\Game_20190309T145449.slp,1.7.1,28,2,2 19,11385,1
Gang-Steals\37\Game_20190309T145814.slp,1.7.1,2,2,2 19,8562,1
Gang-Steals\37\Game_20190309T150417.slp,1.7.1,19,3,2 20 18,878,1
Gang-Steals\37\Game_20190309T150450.slp,1.7.1,31,2,2 20,2973,1
Gang-Steals\37\Game_20190309T150602.slp,1.7.1,28,2,2 20,7826,1
Gang-Steals\37\Game_20190309T150833.slp,1.7.1,3,2,2 20,11142,1
Gang-Steals\37\Game_20190309T151159.slp,1.7.1,8,2,2 20,14892,1
Gang-Steals\37\Game_20190309T151853.slp,1.7.1,31,2,2 2,9647,1
Gang-Steals\37\Game_20190309T152150.slp,1.7.1,8,2,2 25,9401,1
Gang-Steals\37\Game_20190309T152521.slp,1.7.1,31,2,7 9,6949,1
Gang-Steals\37\Game_20190309T152734.slp,1.7.1,32,2,7 9,7959,1
Gang-Steals\37\Game_20190309T153502.slp,1.7.1,31,2,7 7,10063,1
Gang-Steals\37\Game_20190309T153818.slp,1.7.1,8,2,7 7,9844,1
Gang-Steals\37\Game_20190309T154411.slp,1.7.1,31,2,7 7,13054,1
Gang-Steals\37\Game_20190309T155309.slp,1.7.1,8,2,2 2,6006,1
Gang-Steals\37\Game_20190309T155507.slp,1.7.1,31,2,2 2,2119,1
Gang-Steals\37\Game_20190309T155557.slp,1.7.1,31,2,14 2,7116,1
Gang-Steals\37\Game_20190309T155829.slp,1.7.1,8,2,14 2,9285,1
Gang-Steals\37\Game_20190309T160123.slp,1.7.1,31,2,14 2,3935,1
Gang-Steals\37\Game_20190309T161504.slp,1.7.1,31,2,19 9,3926,1
Gang-Steals\4\Game_20190309T084143.slp,1.7.1,31,2,9 20,7642,1
Gang-Steals\4\Game_20190309T084409.slp,1.7.1,3,2,9 20,14488,1
Gang-Steals\4\Game_20190309T084831.slp,1.7.1,8,2,9 20,9154,1
Gang-Steals\4\Game_20190309T085123.slp,1.7.1,32,2,9 20,15231,1
Gang-Steals\4\Game_20190309T085610.slp,1.7.1,31,2,9 20,10910,1
Gang-Steals\4\Game_20190309T085926.slp,1.7.1,2,2,9 20,9231,1
Gang-Steals\4\Game_20190309T090216.slp,1.7.1,28,2,9 20,14097,1
Gang-Steals\4\Game_20190309T090626.slp,1.7.1,31,2,9 20,10514,1
Gang-Steals\4\Game_20190309T090953.slp,1.7.1,2,2,9 20,14592,1
Gang-Steals\4\Game_20190309T091504.slp,1.7.1,3,4,9 9 20 2,13420,1
Gang-Steals\4\Game_20190309T091908.slp,1.7.1,32,4,9 9 20 2,13225,1
Gang-Steals\4\Game_20190309T092340.slp,1.7.1,28,2,9 20,8064,1
Gang-Steals\4\Game_20190309T092610.slp,1.7.1,8,2,9 20,10724,1
Gang-Steals\4\Game_20190309T094229.slp,1.7.1,2,2,9 14,6950,1
Gang-Steals\4\Game_20190309T094448.slp,1.7.1,31,2,9 5,967,1
Gang-Steals\4\Game_20190309T094516.slp,1.7.1,31,2,9 5,12383,1
Gang-Steals\4\Game_20190309T095238.slp,1.7.1,3,2,20 9,10,1
Gang-Steals\4\Game_20190309T095252.slp,1.7.1,28,2,20 9,10895,1
Gang-Steals\4\Game_20190309T095609.slp,1.7.1,31,2,20 19,10731,1
Gang-Steals\4\Game_20190309T100715.slp,1.7.1,31,2,9 12,12306,1
Gang-Steals\4\Game_20190309T101109.slp,1.7.1,3,2,9 12,9118,1
Gang-Steals\4\Game_20190309T101525.slp,1.7.1,31,2,20 2,975,1
Gang-Steals\4\Game_20190309T101602.slp,1.7.1,32,2,20 9,8461,1
Gang-Steals\4\Game_20190309T101842.slp,1.7.1,8,2,20 9,9622,1
Gang-Steals\4\Game_20190309T102229.slp,1.7.1,31,2,9 12,12933,1
Gang-Steals\4\Game_20190309T102620.slp,1.7.1,8,2,9 12,10515,1
Gang-Steals\4\Game_20190309T103157.slp,1.7.1,32,2,0 9,13306,1
Gang-Steals\4\Game_20190309T103604.slp,1.7.1,28,2,0 9,12927,1
Gang-Steals\4\Game_20190309T104141.slp,1.7.1,28,2,20 2,14149,1
Gang-Steals\4\Game_20190309T104554.slp,1.7.1,28,2,20 2,10251,1
Gang-Steals\4\Game_20190309T104905.slp,1.7.1,32,2,20 2,7145,1
Gang-Steals\4\Game_20190309T105219.slp,1.7.1,31,2,2 9,11271,1
Gang-Steals\4\Game_20190309T105547.slp,1.7.1,8,2,2 9,11896,1
Gang-Steals\4\Game_20190309T110033.slp,1.7.1,31,2,9 2,8572,1
Gang-Steals\4\Game_20190309T110318.slp,1.7.1,31,2,2 2,12841,1
Gang-Steals\4\Game_20190309T110707.slp,1.7.1,8,2,2 2,11929,1
Gang-Steals\4\Game_20190309T111204.slp,1.7.1,31,2,2 20,15451,1
Gang-Steals\4\Game_20190309T111642.slp,1.7.1,31,2,2 20,11571,1
Gang-Steals\4\Game_20190309T112309.slp,1.7.1,3,2,4 9,5677,1
Gang-Steals\4\Game_20190309T112505.slp,1.7.1,8,2,15 19,8951,1
Gang-Steals\4\Game_20190309T112751.slp,1.7.1,28,2,15 9,5379,1
Gang-Steals\4\Game_20190309T113040.slp,1.7.1,2,2,20 2,4516,1
Gang-Steals\4\Game_20190309T113250.slp,1.7.1,31,2,20 9,7001,1
Gang-Steals\4\Game_20190309T113519.slp,1.7.1,31,2,20 9,13379,1
Gang-Steals\4\Game_20190309T113938.slp,1.7.1,2,2,20 9,9207,1
Gang-Steals\4\Game_20190309T114228.slp,1.7.1,3,2,20 9,12613,1
Gang-Steals\4\Game_20190309T114754.slp,1.7.1,31,2,12 9,13902,1
Gang-Steals\4\Game_20190309T115201.slp,1.7.1,3,2,12 9,12893,1
Gang-Steals\4\Game_20190309T115551.slp,1.7.1,2,2,12 9,7495,1
Gang-Steals\4\Game_20190309T115947.slp,1.7.1,31,2,20 9,1029,1
Gang-Steals\4\Game_20190309T120014.slp,1.7.1,31,2,20 9,1763,1
Gang-Steals\4\Game_20190309T120057.slp,1.7.1,31,2,20 9,8004,1
Gang-Steals\4\Game_20190309T120325.slp,1.7.1,2,2,20 9,6444,1
Gang-Steals\4\Game_20190309T120643.slp,1.7.1,28,2,9 9,18035,1
Gang-Steals\4\Game_20190309T121201.slp,1.7.1,3,2,9 9,10560,1
Gang-Steals\4\Game_20190309T121622.slp,1.7.1,31,2,9 19,12754,1
Gang-Steals\4\Game_20190309T122015.slp,1.7.1,3,2,2 19,9591,1
Gang-Steals\4\Game_20190309T122435.slp,1.7.1,31,2,20 19,3737,1
Gang-Steals\4\Game_20190309T122607.slp,1.7.1,31,2,20 19,11214,1
Gang-Steals\4\Game_20190309T122938.slp,1.7.1,3,2,20 19,15544,1
Gang-Steals\4\Game_20190309T123748.slp,1.7.1,31,2,2 25,12909,1
Gang-Steals\4\Game_20190309T124154.slp,1.7.1,31,2,2 25,10165,1
Gang-Steals\4\Game_20190309T124831.slp,1.7.1,31,2,9 2,4823,1
Gang-Steals\4\Game_20190309T125007.slp,1.7.1,32,2,9 2,8887,1
Gang-Steals\4\Game_20190309T125249.slp,1.7.1,32,2,9 2,9083,1
Gang-Steals\4\Game_20190309T125847.slp,1.7.1,32,4,9 2 0 19,9955,1
Gang-Steals\4\Game_20190309T130201.slp,1.7.1,31,4,9 2 0 19,8768,1
Gang-Steals\4\Game_20190309T130446.slp,1.7.1,3,4,9 2 0 12,8213,1
Gang-Steals\4\Game_20190309T130721.slp,1.7.1,28,4,20 2 0 12,6585,1
Gang-Steals\4\Game_20190309T130933.slp,1.7.1,31,4,9 2 0 2,5943,1
Gang-Steals\4\Game_20190309T131642.slp,1.7.1,31,4,19 14 9 12,10105,1
Gang-Steals\4\Game_20190309T132017.slp,1.7.1,3,4,2 14 9 12,9743,1
Gang-Steals\4\Game_20190309T132610.slp,1.7.1,2,2,20 12,11071,1
Gang-Steals\4\Game_20190309T132936.slp,1.7.1,3,2,20 12,9850,1
Gang-Steals\4\Game_20190309T133303.slp,1.7.1,28,2,20 12,8205,1
Gang-Steals\4\Game_20190309T133811.slp,1.7.1,8,2,0 25,3822,1
Gang-Steals\4\Game_20190309T133959.slp,1.7.1,3,4,0 25 20 2,7604,1
Gang-Steals\4\Game_20190309T134233.slp,1.7.1,8,4,2 25 20 2,7540,1
Gang-Steals\4\Game_20190309T134749.slp,1.7.1,3,4,9 20 25 2,8682,1
Gang-Steals\4\Game_20190309T135032.slp,1.7.1,32,4,9 20 25 2,10459,1
Gang-Steals\4\Game_20190309T135620.slp,1.7.1,31,4,9 20 2 8,9998,1
Gang-Steals\4\Game_20190309T140002.slp,1.7.1,8,4,9 2 25 8,8084,1
Gang-Steals\4\Game_20190309T141259.slp,1.7.1,2,4,2 9 19 20,1988,1
Gang-Steals\4\Game_20190309T141458.slp,1.7.1,32,4,2 9 19 20,6705,1
Gang-Steals\4\Game_20190309T141709.slp,1.7.1,31,4,2 9 19 20,10117,1
Gang-Steals\4\Game_20190309T142723.slp,1.7.1,32,2,2 5,11126,1
Gang-Steals\4\Game_20190309T143350.slp,1.7.1,31,4,19 2 9 15,12711,1
Gang-Steals\4\Game_20190309T143811.slp,1.7.1,8,4,19 2 9 15,10530,1
Gang-Steals\4\Game_20190309T144146.slp,1.7.1,32,4,19 2 9 15,11115,1
Gang-Steals\4\Game_20190309T144905.slp,1.7.1,32,4,2 19 15 21,10767,1
Gang-Steals\4\Game_20190309T145329.slp,1.7.1,31,4,2 20 15 21,8390,1
Gang-Steals\4\Game_20190309T145724.slp,1.7.1,8,4,2 9 19 21,2803,1
Gang-Steals\4\Game_20190309T145850.slp,1.7.1,32,4,2 9 19 21,9986,1
Gang-Steals\4\Game_20190309T150156.slp,1.7.1,31,4,2 9 19 21,10956,1
Gang-Steals\4\Game_20190309T150535.slp,1.7.1,31,4,2 9 19 21,7451,1
Gang-Steals\4\Game_20190309T151300.slp,1.7.1,31,2,19 2,11596,1
Gang-Steals\4\Game_20190309T151628.slp,1.7.1,28,2,19 2,10623,1
Gang-Steals\4\Game_20190309T151955.slp,1.7.1,32,2,19 2,9667,1
Gang-Steals\4\Game_20190309T152251.slp,1.7.1,2,2,19 2,5967,1
Gang-Steals\4\Game_20190309T152448.slp,1.7.1,2,2,19 2,8309,1
Gang-Steals\4\Game_20190309T152721.slp,1.7.1,28,2,19 2,5556,1
Gang-Steals\4\Game_20190309T152909.slp,1.7.1,8,2,19 14,11195,1
Gang-Steals\4\Game_20190309T153303.slp,1.7.1,32,2,19 14,10972,1
Gang-Steals\4\Game_20190309T153629.slp,1.7.1,3,2,9 14,14776,1
Gang-Steals\4\Game_20190309T154053.slp,1.7.1,31,2,2 2,11669,1
Gang-Steals\4\Game_20190309T154425.slp,1.7.1,2,2,2 20,10548,1
Gang-Steals\4\Game_20190309T154738.slp,1.7.1,8,2,14 20,9812,1
Gang-Steals\4\Game_20190309T155041.slp,1.7.1,32,2,2 14,9584,1
Gang-Steals\4\Game_20190309T155339.slp,1.7.1,3,2,2 14,8870,1
Gang-Steals\4\Game_20190309T155623.slp,1.7.1,31,2,20 14,5676,1
Gang-Steals\4\Game_20190309T155813.slp,1.7.1,28,2,19 14,11009,1
Gang-Steals\4\Game_20190309T160129.slp,1.7.1,2,2,19 14,10827,1
Gang-Steals\4\Game_20190309T160720.slp,1.7.1,3,2,20 2,11110,1
Gang-Steals\4\Game_20190309T161058.slp,1.7.1,28,2,2 2,8822,1
Gang-Steals\4\Game_20190309T161339.slp,1.7.1,8,2,2 2,12326,1
Gang-Steals\4\Game_20190309T161719.slp,1.7.1,31,2,2 2,13792,1
Gang-Steals\4\Game_20190309T162125.slp,1.7.1,32,2,2 2,5911,1
Gang-Steals\4\Game_20190309T162318.slp,1.7.1,32,2,2 2,5617,1
Gang-Steals\4\Game_20190309T162510.slp,1.7.1,31,2,2 9,8008,1
Gang-Steals\4\Game_20190309T162740.slp,1.7.1,2,2,2 9,2756,1
Gang-Steals\40\Game_20190309T094727.slp,1.7.1,31,2,20 0,11177,1
Gang-Steals\40\Game_20190309T095058.slp,1.7.1,32,2,20 9,7538,1
Gang-Steals\40\Game_20190309T095318.slp,1.7.1,28,2,20 9,7452,1
Gang-Steals\40\Game_20190309T095551.slp,1.7.1,2,2,20 0,8125,1
Gang-Steals\40\Game_20190309T095824.slp,1.7.1,3,2,20 0,28800,1
Gang-Steals\40\Game_20190309T100902.slp,1.7.1,31,2,20 9,2065,1
Gang-Steals\40\Game_20190309T100947.slp,1.7.1,31,2,20 9,10492,1
Gang-Steals\40\Game_20190309T101258.slp,1.7.1,28,2,20 9,14267,1
Gang-Steals\40\Game_20190309T101930.slp,1.7.1,31,2,9 20,10705,1
Gang-Steals\40\Game_20190309T102245.slp,1.7.1,8,2,9 20,11689,1
Gang-Steals\40\Game_20190309T102729.slp,1.7.1,31,2,9 2,6901,1
Gang-Steals\40\Game_20190309T102947.slp,1.7.1,3,2,9 2,6129,1
Gang-Steals\40\Game_20190309T103311.slp,1.7.1,2,2,9 9,12326,1
Gang-Steals\40\Game_20190309T103701.slp,1.7.1,8,2,9 9,8706,1
Gang-Steals\40\Game_20190309T103942.slp,1.7.1,31,2,9 9,10670,1
Gang-Steals\40\Game_20190309T104415.slp,1.7.1,8,2,19 9,9907,1
Gang-Steals\40\Game_20190309T104736.slp,1.7.1,28,2,19 9,11420,1
Gang-Steals\40\Game_20190309T105056.slp,1.7.1,8,2,19 9,6916,1
Gang-Steals\40\Game_20190309T105305.slp,1.7.1,2,2,19 9,8879,1
Gang-Steals\40\Game_20190309T105620.slp,1.7.1,31,2,19 20,11967,1
Gang-Steals\40\Game_20190309T110000.slp,1.7.1,32,2,20 2,10568,1
Gang-Steals\40\Game_20190309T110332.slp,1.7.1,28,2,2 15,5839,1
Gang-Steals\40\Game_20190309T110649.slp,1.7.1,3,2,14 2,3190,1
Gang-Steals\40\Game_20190309T110859.slp,1.7.1,32,2,19 12,10791,1
Gang-Steals\40\Game_20190309T111213.slp,1.7.1,31,2,19 12,11631,1
Gang-Steals\40\Game_20190309T111701.slp,1.7.1,32,2,15 9,18,1
Gang-Steals\40\Game_20190309T111724.slp,1.7.1,31,2,15 9,1635,1
Gang-Steals\40\Game_20190309T111839.slp,1.7.1,31,2,9 12,11821,1
Gang-Steals\40\Game_20190309T112213.slp,1.7.1,32,2,9 12,8049,1
Gang-Steals\40\Game_20190309T112743.slp,1.7.1,31,2,9 2,5932,1
Gang-Steals\40\Game_20190309T112948.slp,1.7.1,3,2,9 2,14130,1
Gang-Steals\40\Game_20190309T113901.slp,1.7.1,31,2,0 25,9998,1
Gang-Steals\40\Game_20190309T114205.slp,1.7.1,3,2,0 25,8613,1
Gang-Steals\40\Game_20190309T114729.slp,1.7.1,31,2,9 0,7660,1
Gang-Steals\40\Game_20190309T114956.slp,1.7.1,31,2,9 0,7432,1
Gang-Steals\40\Game_20190309T115237.slp,1.7.1,32,2,0 0,9230,1
Gang-Steals\40\Game_20190309T115648.slp,1.7.1,31,2,20 20,12598,1
Gang-Steals\40\Game_20190309T120031.slp,1.7.1,31,2,19 20,12144,1
Gang-Steals\40\Game_20190309T120415.slp,1.7.1,3,2,19 20,8905,1
Gang-Steals\40\Game_20190309T120936.slp,1.7.1,31,2,20 19,270,1
Gang-Steals\40\Game_20190309T120956.slp,1.7.1,31,2,20 19,11992,1
Gang-Steals\40\Game_20190309T121329.slp,1.7.1,2,2,20 19,8886,1
Gang-Steals\40\Game_20190309T121756.slp,1.7.1,32,2,15 9,4973,1
Gang-Steals\40\Game_20190309T122213.slp,1.7.1,8,2,19 9,9680,1
Gang-Steals\40\Game_20190309T122613.slp,1.7.1,28,2,19 0,12233,1
Gang-Steals\40\Game_20190309T123052.slp,1.7.1,31,2,20 15,10303,1
Gang-Steals\40\Game_20190309T123358.slp,1.7.1,31,2,20 15,11205,1
Gang-Steals\40\Game_20190309T123722.slp,1.7.1,3,2,20 15,10611,1
Gang-Steals\40\Game_20190309T124107.slp,1.7.1,31,2,2 14,7990,1
Gang-Steals\40\Game_20190309T124342.slp,1.7.1,2,2,20 14,6706,1
Gang-Steals\40\Game_20190309T124829.slp,1.7.1,28,2,0 12,9426,1
Gang-Steals\40\Game_20190309T125124.slp,1.7.1,3,2,0 12,11335,1
Gang-Steals\40\Game_20190309T125531.slp,1.7.1,8,2,9 20,14,1
Gang-Steals\40\Game_20190309T125545.slp,1.7.1,2,2,9 20,8853,1
Gang-Steals\40\Game_20190309T125833.slp,1.7.1,32,2,9 20,9567,1
Gang-Steals\40\Game_20190309T130208.slp,1.7.1,31,2,9 2,12821,1
Gang-Steals\40\Game_20190309T130556.slp,1.7.1,31,2,9 2,9137,1
Gang-Steals\40\Game_20190309T130848.slp,1.7.1,31,2,9 2,3111,1
Gang-Steals\40\Game_20190309T131016.slp,1.7.1,31,2,2 21,4616,1
Gang-Steals\40\Game_20190309T131152.slp,1.7.1,2,2,2 21,4263,1
Gang-Steals\40\Game_20190309T131442.slp,1.7.1,28,2,20 2,9382,1
Gang-Steals\40\Game_20190309T131736.slp,1.7.1,8,2,20 2,2,1
Gang-Steals\40\Game_20190309T131745.slp,1.7.1,8,2,20 2,7591,1
Gang-Steals\40\Game_20190309T132107.slp,1.7.1,8,2,0 20,10907,1
Gang-Steals\40\Game_20190309T132429.slp,1.7.1,31,2,0 20,12331,1
Gang-Steals\40\Game_20190309T132822.slp,1.7.1,32,2,9 20,14394,1
Gang-Steals\40\Game_20190309T133404.slp,1.7.1,2,2,15 9,8677,1
Gang-Steals\40\Game_20190309T133646.slp,1.7.1,32,2,15 9,8653,1
Gang-Steals\40\Game_20190309T134059.slp,1.7.1,31,2,20 2,10919,1
Gang-Steals\40\Game_20190309T134415.slp,1.7.1,31,2,20 2,8264,1
Gang-Steals\40\Game_20190309T134743.slp,1.7.1,31,2,0 15,12793,1
Gang-Steals\40\Game_20190309T135138.slp,1.7.1,8,2,0 15,5522,1
Gang-Steals\40\Game_20190309T135514.slp,1.7.1,8,2,7 0,10508,1
Gang-Steals\40\Game_20190309T135836.slp,1.7.1,3,2,7 0,8124,1
Gang-Steals\40\Game_20190309T140111.slp,1.7.1,31,2,7 0,10009,1
Gang-Steals\40\Game_20190309T140906.slp,1.7.1,28,2,7 19,10735,1
Gang-Steals\40\Game_20190309T141233.slp,1.7.1,8,2,7 19,7657,1
Gang-Steals\40\Game_20190309T141731.slp,1.7.1,2,2,19 20,11590,1
Gang-Steals\40\Game_20190309T142108.slp,1.7.1,28,2,19 20,9395,1
Gang-Steals\40\Game_20190309T142612.slp,1.7.1,28,2,0 19,10218,1
Gang-Steals\40\Game_20190309T142917.slp,1.7.1,8,2,0 19,8727,1
Gang-Steals\40\Game_20190309T143238.slp,1.7.1,31,2,20 2,9690,1
Gang-Steals\40\Game_20190309T143540.slp,1.7.1,2,2,20 25,9752,1
Gang-Steals\40\Game_20190309T143915.slp,1.7.1,8,2,15 14,14628,1
Gang-Steals\40\Game_20190309T144342.slp,1.7.1,32,2,15 14,14053,1
Gang-Steals\40\Game_20190309T144755.slp,1.7.1,28,2,15 14,14829,1
Gang-Steals\40\Game_20190309T145356.slp,1.7.1,32,2,15 12,12474,1
Gang-Steals\40\Game_20190309T145744.slp,1.7.1,3,2,15 12,11560,1
Gang-Steals\40\Game_20190309T150111.slp,1.7.1,31,2,15 12,18315,1
Gang-Steals\40\Game_20190309T150904.slp,1.7.1,8,2,2 9,6573,1
Gang-Steals\40\Game_20190309T151113.slp,1.7.1,31,2,2 20,5957,1
Gang-Steals\40\Game_20190309T151451.slp,1.7.1,32,2,9 0,8579,1
Gang-Steals\40\Game_20190309T151732.slp,1.7.1,8,2,9 20,6637,1
Gang-Steals\40\Game_20190309T152117.slp,1.7.1,8,2,8 20,8201,1
Gang-Steals\40\Game_20190309T152347.slp,1.7.1,31,2,8 20,12281,1
Gang-Steals\40\Game_20190309T154500.slp,1.7.1,28,2,9 19,12279,1
Gang-Steals\40\Game_20190309T154917.slp,1.7.1,28,2,9 19,14280,1
Gang-Steals\40\Game_20190309T155408.slp,1.7.1,28,2,9 19,3,1
Gang-Steals\40\Game_20190309T155424.slp,1.7.1,8,2,9 19,12554,1
Gang-Steals\40\Game_20190309T155830.slp,1.7.1,31,2,9 19,11417,1
Gang-Steals\40\Game_20190309T160157.slp,1.7.1,32,2,9 19,10335,1
Gang-Steals\40\Game_20190309T160503.slp,1.7.1,2,2,9 19,14319,1
Gang-Steals\40\Game_20190309T160926.slp,1.7.1,3,2,9 19,8679,1
Gang-Steals\40\Game_20190309T161212.slp,1.7.1,32,2,9 19,7750,1
Gang-Steals\40\Game_20190309T161448.slp,1.7.1,31,2,9 19,10886,1
Gang-Steals\40\Game_20190309T161811.slp,1.7.1,3,2,9 19,12298,1
Gang-Steals\40\Game_20190309T162200.slp,1.7.1,8,2,9 19,10820,1
Gang-Steals\40\Game_20190309T163351.slp,1.7.1,28,2,20 0,8750,1
Gang-Steals\40\Game_20190309T163636.slp,1.7.1,2,2,20 0,8265,1
Gang-Steals\40\Game_20190309T163907.slp,1.7.1,28,2,20 0,12161,1
Gang-Steals\40\Game_20190309T164247.slp,1.7.1,2,2,20 0,5994,1
Gang-Steals\40\Game_20190309T164441.slp,1.7.1,31,2,20 0,7819,1
Gang-Steals\40\Game_20190309T170511.slp,1.7.1,32,2,0 0,841,1
Gang-Steals\40\Game_20190309T170602.slp,1.7.1,8,2,0 0,1512,1
Gang-Steals\40\Game_20190309T170643.slp,1.7.1,3,2,0 20,8386,1
Gang-Steals\40\Game_20190309T170917.slp,1.7.1,2,2,0 20,8380,1
Gang-Steals\40\Game_20190309T171153.slp,1.7.1,3,2,0 2,10044,1
Gang-Steals\40\Game_20190309T171459.slp,1.7.1,28,2,0 0,10240,1
Gang-Steals\40\Game_20190309T171802.slp,1.7.1,8,2,0 0,7740,1
Gang-Steals\40\Game_20190309T172028.slp,1.7.1,31,2,0 0,149,1
Gang-Steals\40\Game_20190309T172041.slp,1.7.1,31,2,0 0,7005,1
Gang-Steals\40\Game_20190309T172254.slp,1.7.1,32,2,0 0,10595,1
Gang-Steals\40\Game_20190309T172626.slp,1.7.1,28,2,0 0,7822,1
Gang-Steals\40\Game_20190309T172856.slp,1.7.1,3,2,6 0,11071,1
Gang-Steals\40\Game_20190309T173259.slp,1.7.1,31,2,0 0,4181,1
Gang-Steals\40\Game_20190309T173516.slp,1.7.1,28,2,2 14,14395,1
Gang-Steals\40\Game_20190309T173933.slp,1.7.1,3,2,2 14,8395,1
Gang-Steals\40\Game_20190309T174207.slp,1.7.1,31,2,2 14,10293,1
Gang-Steals\40\Game_20190309T174750.slp,1.7.1,31,2,2 14,9024,1
Gang-Steals\40\Game_20190309T175039.slp,1.7.1,2,2,2 14,2,1
Gang-Steals\40\Game_20190309T175051.slp,1.7.1,28,2,2 14,9267,1
Gang-Steals\40\Game_20190309T175532.slp,1.7.1,8,2,12 7,10502,1
Gang-Steals\5\Game_20190309T092730.slp,1.7.1,2,2,20 15,6965,1
Gang-Steals\5\Game_20190309T092952.slp,1.7.1,32,2,20 15,8806,1
Gang-Steals\5\Game_20190309T093234.slp,1.7.1,3,2,0 15,11691,1
Gang-Steals\5\Game_20190309T093605.slp,1.7.1,31,2,0 15,7718,1
Gang-Steals\5\Game_20190309T093834.slp,1.7.1,8,2,0 15,6780,1
Gang-Steals\5\Game_20190309T094042.slp,1.7.1,28,2,9 15,8641,1
Gang-Steals\5\Game_20190309T094320.slp,1.7.1,8,2,9 15,10683,1
Gang-Steals\5\Game_20190309T094633.slp,1.7.1,2,2,0 15,7170,1
Gang-Steals\5\Game_20190309T094847.slp,1.7.1,31,2,0 15,8569,1
Gang-Steals\5\Game_20190309T095125.slp,1.7.1,32,2,0 15,12021,1
Gang-Steals\5\Game_20190309T095503.slp,1.7.1,28,2,9 15,7905,1
Gang-Steals\5\Game_20190309T100248.slp,1.7.1,3,2,15 2,4073,1
Gang-Steals\5\Game_20190309T100413.slp,1.7.1,28,2,15 2,2893,1
Gang-Steals\5\Game_20190309T100522.slp,1.7.1,2,2,15 2,2118,1
Gang-Steals\5\Game_20190309T100712.slp,1.7.1,31,2,15 19,1216,1
Gang-Steals\5\Game_20190309T100748.slp,1.7.1,31,2,15 19,7012,1
Gang-Steals\5\Game_20190309T100959.slp,1.7.1,2,2,15 19,8688,1
Gang-Steals\5\Game_20190309T101409.slp,1.7.1,31,2,15 12,2752,1
Gang-Steals\5\Game_20190309T101509.slp,1.7.1,31,2,15 12,13218,1
Gang-Steals\5\Game_20190309T101903.slp,1.7.1,8,2,15 12,11401,1
Gang-Steals\5\Game_20190309T102535.slp,1.7.1,31,2,20 2,8641,1
Gang-Steals\5\Game_20190309T102825.slp,1.7.1,8,2,20 2,10003,1
Gang-Steals\5\Game_20190309T103240.slp,1.7.1,32,2,15 15,13105,1
Gang-Steals\5\Game_20190309T103635.slp,1.7.1,2,2,15 15,13877,1
Gang-Steals\5\Game_20190309T104113.slp,1.7.1,8,2,15 15,17461,1
Gang-Steals\5\Game_20190309T104819.slp,1.7.1,31,2,14 9,7523,1
Gang-Steals\5\Game_20190309T105101.slp,1.7.1,2,2,14 9,10172,1
Gang-Steals\5\Game_20190309T105911.slp,1.7.1,28,2,14 2,2069,1
Gang-Steals\5\Game_20190309T105955.slp,1.7.1,28,2,14 2,11240,1
Gang-Steals\5\Game_20190309T110320.slp,1.7.1,3,2,14 2,16307,1
Gang-Steals\5\Game_20190309T110923.slp,1.7.1,8,2,2 9,1820,1
Gang-Steals\5\Game_20190309T111022.slp,1.7.1,8,2,2 9,6244,1
Gang-Steals\5\Game_20190309T111220.slp,1.7.1,2,2,2 9,8011,1
Gang-Steals\5\Game_20190309T112838.slp,1.7.1,28,2,19 2,11559,1
Gang-Steals\5\Game_20190309T113208.slp,1.7.1,2,2,19 2,8935,1
Gang-Steals\5\Game_20190309T113727.slp,1.7.1,8,2,19 0,15089,1
Gang-Steals\5\Game_20190309T114155.slp,1.7.1,31,2,19 0,15223,1
Gang-Steals\5\Game_20190309T114800.slp,1.7.1,31,2,9 0,4309,1
Gang-Steals\5\Game_20190309T114951.slp,1.7.1,8,2,9 0,1650,1
Gang-Steals\5\Game_20190309T115108.slp,1.7.1,31,2,19 0,3429,1
Gang-Steals\5\Game_20190309T115230.slp,1.7.1,8,2,19 0,9524,1
Gang-Steals\5\Game_20190309T115544.slp,1.7.1,31,2,19 0,12681,1
Gang-Steals\5\Game_20190309T115952.slp,1.7.1,3,2,19 0,10768,1
Gang-Steals\5\Game_20190309T120636.slp,1.7.1,31,2,14 9,10614,1
Gang-Steals\5\Game_20190309T120947.slp,1.7.1,2,2,14 9,11093,1
Gang-Steals\5\Game_20190309T121441.slp,1.7.1,31,2,25 14,14562,1
Gang-Steals\5\Game_20190309T121858.slp,1.7.1,3,2,25 14,13189,1
Gang-Steals\5\Game_20190309T122527.slp,1.7.1,31,2,14 2,7209,1
Gang-Steals\5\Game_20190309T122751.slp,1.7.1,31,2,14 2,3552,1
Gang-Steals\5\Game_20190309T122927.slp,1.7.1,31,2,14 2,7357,1
Gang-Steals\5\Game_20190309T123143.slp,1.7.1,31,2,14 2,11619,1
Gang-Steals\5\Game_20190309T123848.slp,1.7.1,31,2,12 19,3752,1
Gang-Steals\5\Game_20190309T124038.slp,1.7.1,31,2,12 19,16396,1
Gang-Steals\5\Game_20190309T124544.slp,1.7.1,32,2,12 19,12663,1
Gang-Steals\5\Game_20190309T124944.slp,1.7.1,32,2,12 19,13259,1
Gang-Steals\5\Game_20190309T131708.slp,1.7.1,3,2,19 16,1980,1
Gang-Steals\5\Game_20190309T131922.slp,1.7.1,3,4,2 19 22 16,10206,1
Gang-Steals\5\Game_20190309T132245.slp,1.7.1,3,4,2 19 22 16,8409,1
Gang-Steals\5\Game_20190309T133354.slp,1.7.1,31,2,20 25,7555,1
Gang-Steals\5\Game_20190309T133614.slp,1.7.1,28,2,20 25,28800,1
Gang-Steals\5\Game_20190309T155454.slp,1.7.1,28,2,20 9,10856,1
Gang-Steals\5\Game_20190309T155811.slp,1.7.1,2,2,20 19,7647,1
Gang-Steals\5\Game_20190309T160036.slp,1.7.1,3,2,20 19,7281,1
Gang-Steals\5\Game_20190309T160304.slp,1.7.1,31,2,20 9,2287,1
Gang-Steals\5\Game_20190309T161532.slp,1.7.1,8,2,9 20,4622,1
Gang-Steals\5\Game_20190309T161705.slp,1.7.1,32,2,9 20,5490,1
Gang-Steals\5\Game_20190309T161856.slp,1.7.1,28,2,9 20,6050,1
Gang-Steals\6\Game_20190309T100344.slp,1.7.1,31,2,9 12,4759,1
Gang-Steals\6\Game_20190309T100552.slp,1.7.1,31,2,9 12,8350,1
Gang-Steals\6\Game_20190309T100826.slp,1.7.1,8,2,9 12,8044,1
Gang-Steals\6\Game_20190309T101843.slp,1.7.1,31,2,9 18,133,1
Gang-Steals\6\Game_20190309T101906.slp,1.7.1,31,2,9 19,3886,1
Gang-Steals\6\Game_20190309T102038.slp,1.7.1,2,2,9 19,13103,1
Gang-Steals\6\Game_20190309T102436.slp,1.7.1,32,2,9 19,11131,1
Gang-Steals\6\Game_20190309T103052.slp,1.7.1,31,2,12 9,6792,1
Gang-Steals\6\Game_20190309T103301.slp,1.7.1,8,2,12 9,7927,1
Gang-Steals\6\Game_20190309T103757.slp,1.7.1,31,2,12 9,1019,1
Gang-Steals\6\Game_20190309T103922.slp,1.7.1,31,2,2 15,13231,1
Gang-Steals\6\Game_20190309T104329.slp,1.7.1,32,2,2 20,10095,1
Gang-Steals\6\Game_20190309T104807.slp,1.7.1,8,2,12 9,4151,1
Gang-Steals\6\Game_20190309T105035.slp,1.7.1,31,2,12 15,14967,1
Gang-Steals\6\Game_20190309T105457.slp,1.7.1,2,2,12 15,20961,1
Gang-Steals\6\Game_20190309T110147.slp,1.7.1,31,2,15 2,3671,1
Gang-Steals\6\Game_20190309T110257.slp,1.7.1,31,2,15 2,7267,1
Gang-Steals\6\Game_20190309T110507.slp,1.7.1,2,2,15 2,7478,1
Gang-Steals\6\Game_20190309T110740.slp,1.7.1,3,2,15 2,15218,1
Gang-Steals\6\Game_20190309T111954.slp,1.7.1,31,2,2 2,1658,1
Gang-Steals\6\Game_20190309T112034.slp,1.7.1,32,2,2 2,10497,1
Gang-Steals\6\Game_20190309T112414.slp,1.7.1,3,2,2 2,7127,1
Gang-Steals\6\Game_20190309T113400.slp,1.7.1,31,2,2 9,14207,1
Gang-Steals\6\Game_20190309T113830.slp,1.7.1,2,2,2 9,11205,1
Gang-Steals\6\Game_20190309T114202.slp,1.7.1,28,2,2 9,10229,1
Gang-Steals\6\Game_20190309T114635.slp,1.7.1,31,2,15 19,4106,1
Gang-Steals\6\Game_20190309T114800.slp,1.7.1,31,2,15 19,9662,1
Gang-Steals\6\Game_20190309T115103.slp,1.7.1,32,2,2 19,7857,1
Gang-Steals\6\Game_20190309T115444.slp,1.7.1,31,2,20 9,11052,1
Gang-Steals\6\Game_20190309T115805.slp,1.7.1,28,2,20 9,18443,1
Gang-Steals\6\Game_20190309T120330.slp,1.7.1,2,2,20 9,14297,1
Gang-Steals\6\Game_20190309T121031.slp,1.7.1,31,2,20 9,14426,1
Gang-Steals\6\Game_20190309T121452.slp,1.7.1,3,2,20 9,10065,1
Gang-Steals\6\Game_20190309T121754.slp,1.7.1,2,2,20 9,12855,1
Gang-Steals\6\Game_20190309T122428.slp,1.7.1,31,2,2 12,2300,1
Gang-Steals\6\Game_20190309T122520.slp,1.7.1,28,2,2 12,12889,1
Gang-Steals\6\Game_20190309T122909.slp,1.7.1,2,2,2 12,10302,1
Gang-Steals\6\Game_20190309T123350.slp,1.7.1,31,2,2 0,4039,1
Gang-Steals\6\Game_20190309T123519.slp,1.7.1,32,2,2 0,9463,1
Gang-Steals\6\Game_20190309T123815.slp,1.7.1,31,2,2 0,10557,1
Gang-Steals\6\Game_20190309T124452.slp,1.7.1,8,2,20 2,8310,1
Gang-Steals\6\Game_20190309T124726.slp,1.7.1,8,2,20 2,8641,1
Gang-Steals\6\Game_20190309T125223.slp,1.7.1,31,2,0 2,10261,1
Gang-Steals\6\Game_20190309T125528.slp,1.7.1,8,2,0 2,8669,1
Gang-Steals\6\Game_20190309T125810.slp,1.7.1,28,2,0 2,11029,1
Gang-Steals\6\Game_20190309T150619.slp,1.7.1,31,2,14 2,7027,1
Gang-Steals\6\Game_20190309T150858.slp,1.7.1,8,2,14 2,12480,1
Gang-Steals\6\Game_20190309T151242.slp,1.7.1,8,2,14 2,9925,1
Gang-Steals\6\Game_20190309T151714.slp,1.7.1,32,2,15 2,4520,1
Gang-Steals\6\Game_20190309T151844.slp,1.7.1,31,2,2 2,5154,1
Gang-Steals\6\Game_20190309T152547.slp,1.7.1,28,2,9 0,14214,1
Gang-Steals\6\Game_20190309T152957.slp,1.7.1,2,2,9 0,7007,1
Gang-Steals\6\Game_20190309T153208.slp,1.7.1,3,2,9 0,11481,1
Gang-Steals\6\Game_20190309T153533.slp,1.7.1,31,2,9 0,11918,1
Gang-Steals\6\Game_20190309T153906.slp,1.7.1,8,2,9 0,9714,1
Gang-Steals\6\Game_20190309T154202.slp,1.7.1,32,2,9 0,5956,1
Gang-Steals\6\Game_20190309T154356.slp,1.7.1,3,2,9 0,15370,1
Gang-Steals\6\Game_20190309T154826.slp,1.7.1,31,2,9 0,11375,1
Gang-Steals\6\Game_20190309T155205.slp,1.7.1,28,2,9 2,18877,1
Gang-Steals\6\Game_20190309T155733.slp,1.7.1,2,2,9 0,12190,1
Gang-Steals\6\Game_20190309T160114.slp,1.7.1,32,2,2 0,8232,1
Gang-Steals\6\Game_20190309T160346.slp,1.7.1,31,2,9 2,12981,1
Gang-Steals\6\Game_20190309T160738.slp,1.7.1,3,2,2 0,10976,1
Gang-Steals\6\Game_20190309T161057.slp,1.7.1,8,2,9 2,11905,1
Gang-Steals\6\Game_20190309T161432.slp,1.7.1,28,2,9 0,10238,1
Gang-Steals\6\Game_20190309T161738.slp,1.7.1,2,2,2 0,7603,1
Gang-Steals\6\Game_20190309T162003.slp,1.7.1,2,2,9 2,15860,1
Gang-Steals\6\Game_20190309T162453.slp,1.7.1,31,2,9 2,957,1
Gang-Steals\7\Game_20190309T084255.slp,1.7.1,31,2,2 12,1567,1
Gang-Steals\7\Game_20190309T084344.slp,1.7.1,8,2,2 9,6907,1
Gang-Steals\7\Game_20190309T084552.slp,1.7.1,2,2,2 19,12353,1
Gang-Steals\7\Game_20190309T084934.slp,1.7.1,31,2,2 19,10729,1
Gang-Steals\7\Game_20190309T085247.slp,1.7.1,32,2,2 19,13395,1
Gang-Steals\7\Game_20190309T085650.slp,1.7.1,31,2,14 2,7329,1
Gang-Steals\7\Game_20190309T085910.slp,1.7.1,31,2,14 15,7355,1
Gang-Steals\7\Game_20190309T090127.slp,1.7.1,31,2,14 0,8466,1
Gang-Steals\7\Game_20190309T090409.slp,1.7.1,31,2,14 9,169,1
Gang-Steals\7\Game_20190309T090428.slp,1.7.1,3,2,14 2,10486,1
Gang-Steals\7\Game_20190309T090736.slp,1.7.1,28,2,14 2,12864,1
Gang-Steals\7\Game_20190309T091121.slp,1.7.1,31,2,14 2,12004,1
Gang-Steals\7\Game_20190309T091459.slp,1.7.1,8,2,14 2,13101,1
Gang-Steals\7\Game_20190309T091900.slp,1.7.1,32,2,14 2,10672,1
Gang-Steals\7\Game_20190309T093139.slp,1.7.1,31,2,12 2,26562,1
Gang-Steals\7\Game_20190309T093952.slp,1.7.1,3,2,7 2,5624,1
Gang-Steals\7\Game_20190309T094142.slp,1.7.1,28,2,7 2,9031,1
Gang-Steals\7\Game_20190309T094428.slp,1.7.1,2,2,7 2,6210,1
Gang-Steals\7\Game_20190309T094627.slp,1.7.1,8,2,20 25,8546,1
Gang-Steals\7\Game_20190309T094908.slp,1.7.1,3,2,7 25,11578,1
Gang-Steals\7\Game_20190309T095237.slp,1.7.1,32,2,7 25,8851,1
Gang-Steals\7\Game_20190309T095559.slp,1.7.1,28,2,7 25,11209,1
Gang-Steals\7\Game_20190309T100731.slp,1.7.1,31,2,9 12,4964,1
Gang-Steals\7\Game_20190309T100932.slp,1.7.1,31,2,9 12,15981,1
Gang-Steals\7\Game_20190309T101426.slp,1.7.1,3,2,9 12,18723,1
Gang-Steals\7\Game_20190309T102016.slp,1.7.1,2,2,9 12,15917,1
Gang-Steals\7\Game_20190309T102732.slp,1.7.1,2,2,9 19,11893,1
Gang-Steals\7\Game_20190309T103136.slp,1.7.1,31,2,9 19,5379,1
Gang-Steals\7\Game_20190309T103349.slp,1.7.1,8,2,9 19,6304,1
Gang-Steals\7\Game_20190309T103756.slp,1.7.1,31,2,2 0,8530,1
Gang-Steals\7\Game_20190309T104033.slp,1.7.1,2,2,2 0,5878,1
Gang-Steals\7\Game_20190309T104340.slp,1.7.1,31,2,9 9,10073,1
Gang-Steals\7\Game_20190309T104644.slp,1.7.1,3,2,9 9,16175,1
Gang-Steals\7\Game_20190309T105141.slp,1.7.1,28,2,2 9,11703,1
Gang-Steals\7\Game_20190309T105626.slp,1.7.1,31,2,12 9,8241,1
Gang-Steals\7\Game_20190309T105854.slp,1.7.1,8,2,12 9,9976,1
Gang-Steals\7\Game_20190309T110155.slp,1.7.1,3,2,12 9,13430,1
Gang-Steals\7\Game_20190309T110641.slp,1.7.1,31,2,12 12,11526,1
Gang-Steals\7\Game_20190309T111026.slp,1.7.1,3,2,12 12,8188,1
Gang-Steals\7\Game_20190309T111632.slp,1.7.1,28,2,20 2,3659,1
Gang-Steals\7\Game_20190309T112539.slp,1.7.1,3,2,20 25,10332,1
Gang-Steals\7\Game_20190309T112846.slp,1.7.1,2,2,20 25,4239,1
Gang-Steals\7\Game_20190309T113258.slp,1.7.1,8,2,20 2,65,1
Gang-Steals\7\Game_20190309T113312.slp,1.7.1,8,2,20 2,9306,1
Gang-Steals\7\Game_20190309T113606.slp,1.7.1,3,2,20 2,10716,1
Gang-Steals\7\Game_20190309T114111.slp,1.7.1,8,2,0 20,3500,1
Gang-Steals\7\Game_20190309T114221.slp,1.7.1,8,2,0 20,7622,1
Gang-Steals\7\Game_20190309T114443.slp,1.7.1,3,2,0 20,8413,1
Gang-Steals\7\Game_20190309T114846.slp,1.7.1,8,2,9 3,2002,1
Gang-Steals\7\Game_20190309T114938.slp,1.7.1,8,2,9 3,10382,1
Gang-Steals\7\Game_20190309T115248.slp,1.7.1,32,2,9 3,11804,1
Gang-Steals\7\Game_20190309T115926.slp,1.7.1,31,2,0 19,15048,1
Gang-Steals\7\Game_20190309T120401.slp,1.7.1,8,2,0 19,11043,1
Gang-Steals\7\Game_20190309T120914.slp,1.7.1,31,2,22 0,3287,1
Gang-Steals\7\Game_20190309T121024.slp,1.7.1,8,2,22 0,15674,1
Gang-Steals\7\Game_20190309T121523.slp,1.7.1,3,2,2 0,13687,1
Gang-Steals\7\Game_20190309T122032.slp,1.7.1,31,2,20 2,3152,1
Gang-Steals\7\Game_20190309T122138.slp,1.7.1,28,2,20 2,12737,1
Gang-Steals\7\Game_20190309T122536.slp,1.7.1,3,2,20 2,8130,1
Gang-Steals\7\Game_20190309T122812.slp,1.7.1,8,2,20 2,10860,1
Gang-Steals\7\Game_20190309T123237.slp,1.7.1,31,2,2 19,2419,1
Gang-Steals\7\Game_20190309T123352.slp,1.7.1,28,2,2 19,15301,1
Gang-Steals\7\Game_20190309T123832.slp,1.7.1,2,2,2 19,13196,1
Gang-Steals\7\Game_20190309T124235.slp,1.7.1,3,2,2 19,12196,1
Gang-Steals\7\Game_20190309T124654.slp,1.7.1,31,2,9 20,2703,1
Gang-Steals\7\Game_20190309T124755.slp,1.7.1,8,2,9 20,9126,1
Gang-Steals\7\Game_20190309T125041.slp,1.7.1,31,2,9 20,10523,1
Gang-Steals\7\Game_20190309T125449.slp,1.7.1,31,2,20 0,1926,1
Gang-Steals\7\Game_20190309T125535.slp,1.7.1,31,2,20 0,12926,1
Gang-Steals\7\Game_20190309T125938.slp,1.7.1,2,2,20 0,8991,1
Gang-Steals\7\Game_20190309T130435.slp,1.7.1,31,2,2 18,28800,1
Gang-Steals\7\Game_20190309T131256.slp,1.7.1,32,2,2 19,11494,1
Gang-Steals\7\Game_20190309T131957.slp,1.7.1,31,4,20 20 9 0,12069,1
Gang-Steals\7\Game_20190309T132402.slp,1.7.1,8,4,20 20 2 0,9715,1
Gang-Steals\7\Game_20190309T132931.slp,1.7.1,31,4,15 11 20 0,4543,1
Gang-Steals\7\Game_20190309T133131.slp,1.7.1,31,4,15 11 20 0,6664,1
Gang-Steals\7\Game_20190309T133350.slp,1.7.1,28,4,15 11 20 0,8889,1
Gang-Steals\7\Game_20190309T133927.slp,1.7.1,31,4,19 20 19 9,14168,1
Gang-Steals\7\Game_20190309T134356.slp,1.7.1,28,4,19 20 19 9,13499,1
Gang-Steals\7\Game_20190309T135147.slp,1.7.1,31,4,19 11 20 12,8731,1
Gang-Steals\7\Game_20190309T135527.slp,1.7.1,8,4,2 11 20 12,12828,1
Gang-Steals\7\Game_20190309T140642.slp,1.7.1,3,4,12 11 20 19,10492,1
Gang-Steals\7\Game_20190309T140949.slp,1.7.1,31,4,12 11 20 19,10638,1
Gang-Steals\7\Game_20190309T141312.slp,1.7.1,28,4,12 11 20 19,13388,1
Gang-Steals\7\Game_20190309T141714.slp,1.7.1,3,4,2 11 20 19,11523,1
Gang-Steals\7\Game_20190309T142051.slp,1.7.1,32,2,11 20,18905,1
Gang-Steals\7\Game_20190309T142627.slp,1.7.1,31,2,11 20,8231,1
Gang-Steals\7\Game_20190309T143909.slp,1.7.1,8,4,2 11 20 14,11657,1
Gang-Steals\7\Game_20190309T144258.slp,1.7.1,32,4,2 11 20 14,11416,1
Gang-Steals\7\Game_20190309T144630.slp,1.7.1,31,4,2 11 20 14,10778,1
Gang-Steals\7\Game_20190309T144956.slp,1.7.1,32,4,2 11 20 14,10715,1
Gang-Steals\7\Game_20190309T145318.slp,1.7.1,28,4,2 11 20 14,13636,1
Gang-Steals\7\Game_20190309T145725.slp,1.7.1,3,4,2 11 20 14,10839,1
Gang-Steals\7\Game_20190309T150121.slp,1.7.1,32,4,14 14 14 14,1750,1
Gang-Steals\7\Game_20190309T150205.slp,1.7.1,2,4,14 14 14 14,5584,1
Gang-Steals\8\Game_20190309T094928.slp,1.7.1,8,2,15 15,11030,1
Gang-Steals\8\Game_20190309T095248.slp,1.7.1,3,2,15 15,14340,1
Gang-Steals\8\Game_20190309T095706.slp,1.7.1,28,2,15 15,6696,1
Gang-Steals\8\Game_20190309T100331.slp,1.7.1,31,4,0 5 22 15,11193,1
Gang-Steals\8\Game_20190309T100700.slp,1.7.1,31,4,21 20 0 15,7478,1
Gang-Steals\8\Game_20190309T101007.slp,1.7.1,31,4,15 0 0 15,8281,1
Gang-Steals\8\Game_20190309T101245.slp,1.7.1,31,4,15 0 0 15,9518,1
Gang-Steals\8\Game_20190309T101536.slp,1.7.1,31,4,15 0 0 15,8660,1
Gang-Steals\8\Game_20190309T102511.slp,1.7.1,31,4,15 0 0 15,4157,1
Gang-Steals\8\Game_20190309T105829.slp,1.7.1,8,2,2 9,2820,1
Gang-Steals\8\Game_20190309T150622.slp,1.7.1,24,2,15 9,8,1
Gang-Steals\8\Game_20190309T150642.slp,1.7.1,31,2,15 9,117,1
Gang-Steals\8\Game_20190309T150658.slp,1.7.1,2,2,15 9,8659,1
Gang-Steals\8\Game_20190309T150938.slp,1.7.1,32,2,15 9,11617,1
Gang-Steals\8\Game_20190309T151306.slp,1.7.1,28,2,15 9,11376,1
Gang-Steals\8\Game_20190309T151630.slp,1.7.1,2,2,15 9,11871,1
Gang-Steals\8\Game_20190309T152004.slp,1.7.1,8,2,15 9,6241,1
Gang-Steals\8\Game_20190309T152211.slp,1.7.1,32,2,20 25,12151,1
Gang-Steals\8\Game_20190309T152555.slp,1.7.1,3,2,15 2,10040,1
Gang-Steals\8\Game_20190309T152907.slp,1.7.1,31,2,20 20,10920,1
Gang-Steals\8\Game_20190309T153229.slp,1.7.1,32,2,20 20,10816,1
Gang-Steals\8\Game_20190309T153546.slp,1.7.1,2,2,9 20,12372,1
Gang-Steals\8\Game_20190309T153929.slp,1.7.1,8,2,15 20,6391,1
Gang-Steals\8\Game_20190309T154132.slp,1.7.1,31,2,15 9,1823,1
Gang-Steals\8\Game_20190309T154504.slp,1.7.1,3,2,14 20,9985,1
Gang-Steals\8\Game_20190309T154805.slp,1.7.1,28,2,14 20,10845,1
Gang-Steals\8\Game_20190309T155121.slp,1.7.1,3,2,14 20,11149,1
Gang-Steals\8\Game_20190309T155444.slp,1.7.1,31,2,14 20,10126,1
Gang-Steals\8\Game_20190309T155839.slp,1.7.1,28,2,0 20,6955,1
Gang-Steals\8\Game_20190309T160047.slp,1.7.1,8,2,0 20,10035,1
Gang-Steals\8\Game_20190309T160350.slp,1.7.1,32,2,0 20,7472,1
Gang-Steals\8\Game_20190309T160608.slp,1.7.1,2,2,0 20,9490,1
Gang-Steals\8\Game_20190309T160903.slp,1.7.1,31,2,0 20,8528,1
Gang-Steals\8\Game_20190309T161143.slp,1.7.1,8,2,0 20,6707,1
Gang-Steals\8\Game_20190309T161349.slp,1.7.1,28,2,0 20,11911,1
Gang-Steals\8\Game_20190309T161722.slp,1.7.1,2,2,0 20,8218,1
Gang-Steals\8\Game_20190309T161957.slp,1.7.1,32,2,0 20,8803,1
Gang-Steals\8\Game_20190309T162242.slp,1.7.1,3,2,0 20,6539,1
Gang-Steals\8\Game_20190309T162451.slp,1.7.1,2,2,20 2,8320,1
Gang-Steals\8\Game_20190309T162725.slp,1.7.1,28,2,20 2,7963,1
Gang-Steals\8\Game_20190309T162953.slp,1.7.1,8,2,20 2,7411,1
Gang-Steals\8\Game_20190309T163213.slp,1.7.1,32,2,20 20,9575,1
Gang-Steals\8\Game_20190309T163510.slp,1.7.1,31,2,20 20,9374,1
Gang-Steals\8\Game_20190309T163801.slp,1.7.1,3,2,20 20,8533,1
Gang-Steals\8\Game_20190309T164039.slp,1.7.1,8,2,20 20,6574,1
Gang-Steals\8\Game_20190309T164245.slp,1.7.1,31,2,20 20,8407,1
Gang-Steals\8\Game_20190309T164523.slp,1.7.1,28,2,20 20,266,1
Gang-Steals\9\Game_20190309T074926.slp,1.7.1,31,2,2 2,3052,1
Gang-Steals\9\Game_20190309T075033.slp,1.7.1,32,2,19 7,12940,1
Gang-Steals\9\Game_20190309T075442.slp,1.7.1,31,2,12 7,12374,1
Gang-Steals\9\Game_20190309T075844.slp,1.7.1,3,2,2 19,10807,1
Gang-Steals\9\Game_20190309T080159.slp,1.7.1,2,2,19 19,10560,1
Gang-Steals\9\Game_20190309T093458.slp,1.7.1,8,2,2 2,3519,1
Gang-Steals\9\Game_20190309T093612.slp,1.7.1,28,2,2 2,4095,1
Gang-Steals\9\Game_20190309T093734.slp,1.7.1,28,2,2 2,2845,1
Gang-Steals\9\Game_20190309T100225.slp,1.7.1,31,2,2 20,7586,1
Gang-Steals\9\Game_20190309T100446.slp,1.7.1,32,2,2 20,3887,1
Gang-Steals\9\Game_20190309T100703.slp,1.7.1,28,2,20 15,3871,1
Gang-Steals\9\Game_20190309T100904.slp,1.7.1,31,2,20 15,8516,1
Gang-Steals\9\Game_20190309T101141.slp,1.7.1,32,2,20 15,7308,1
Gang-Steals\9\Game_20190309T101536.slp,1.7.1,31,2,0 9,4157,1
Gang-Steals\9\Game_20190309T101731.slp,1.7.1,8,2,0 0,24153,1
Gang-Steals\9\Game_20190309T102457.slp,1.7.1,31,2,0 0,18019,1
Gang-Steals\9\Game_20190309T103104.slp,1.7.1,31,2,2 9,5526,1
Gang-Steals\9\Game_20190309T103312.slp,1.7.1,8,2,2 9,8198,1
Gang-Steals\9\Game_20190309T103603.slp,1.7.1,2,2,2 9,7241,1
Gang-Steals\9\Game_20190309T104001.slp,1.7.1,2,2,2 15,4324,1
Gang-Steals\9\Game_20190309T104130.slp,1.7.1,31,2,2 15,9384,1
Gang-Steals\9\Game_20190309T104423.slp,1.7.1,31,2,2 15,6553,1
Gang-Steals\9\Game_20190309T104759.slp,1.7.1,31,2,2 2,16968,1
Gang-Steals\9\Game_20190309T105408.slp,1.7.1,31,2,2 2,11502,1
Gang-Steals\9\Game_20190309T105746.slp,1.7.1,31,2,2 15,4893,1
Gang-Steals\9\Game_20190309T110005.slp,1.7.1,31,2,2 9,4167,1
Gang-Steals\9\Game_20190309T110127.slp,1.7.1,31,2,2 9,12572,1
Gang-Steals\9\Game_20190309T110516.slp,1.7.1,2,2,2 9,13554,1
Gang-Steals\9\Game_20190309T110919.slp,1.7.1,28,2,2 9,12686,1
Gang-Steals\9\Game_20190309T111310.slp,1.7.1,31,2,2 11,10876,1
Gang-Steals\9\Game_20190309T111643.slp,1.7.1,31,2,2 2,6060,1
Gang-Steals\9\Game_20190309T111839.slp,1.7.1,32,2,2 2,8722,1
Gang-Steals\9\Game_20190309T112120.slp,1.7.1,3,2,2 2,8522,1
Gang-Steals\9\Game_20190309T112358.slp,1.7.1,2,2,2 2,6067,1
Gang-Steals\9\Game_20190309T112606.slp,1.7.1,8,2,2 2,8757,1
Gang-Steals\9\Game_20190309T112846.slp,1.7.1,28,2,2 2,7172,1
Gang-Steals\9\Game_20190309T113313.slp,1.7.1,32,2,9 9,5066,1
Gang-Steals\9\Game_20190309T113454.slp,1.7.1,32,2,9 19,7410,1
Gang-Steals\9\Game_20190309T114059.slp,1.7.1,31,2,7 9,3595,1
Gang-Steals\9\Game_20190309T114234.slp,1.7.1,32,2,7 9,12387,1
Gang-Steals\9\Game_20190309T114618.slp,1.7.1,32,2,7 9,13046,1
Gang-Steals\9\Game_20190309T115259.slp,1.7.1,28,2,7 19,12722,1
Gang-Steals\9\Game_20190309T115647.slp,1.7.1,3,2,7 19,14841,1
Gang-Steals\9\Game_20190309T120430.slp,1.7.1,31,2,0 19,2272,1
Gang-Steals\9\Game_20190309T120522.slp,1.7.1,31,2,0 19,9365,1
Gang-Steals\9\Game_20190309T120816.slp,1.7.1,3,2,0 19,9914,1
Gang-Steals\9\Game_20190309T121246.slp,1.7.1,2,2,2 9,9408,1
Gang-Steals\9\Game_20190309T121544.slp,1.7.1,3,2,2 9,12504,1
Gang-Steals\9\Game_20190309T121941.slp,1.7.1,31,2,2 9,11421,1
Gang-Steals\9\Game_20190309T122702.slp,1.7.1,2,2,9 2,13320,1
Gang-Steals\9\Game_20190309T123100.slp,1.7.1,31,2,9 2,12791,1
Gang-Steals\9\Game_20190309T123456.slp,1.7.1,3,2,9 2,16695,1
Gang-Steals\9\Game_20190309T124202.slp,1.7.1,8,2,3 9,5728,1
Gang-Steals\9\Game_20190309T124355.slp,1.7.1,32,2,3 9,12588,1
Gang-Steals\9\Game_20190309T125054.slp,1.7.1,32,2,3 7,2063,1
Gang-Steals\9\Game_20190309T125142.slp,1.7.1,32,2,3 7,11412,1
Gang-Steals\9\Game_20190309T125507.slp,1.7.1,3,2,3 7,10818,1
Gang-Steals\9\Game_20190309T130835.slp,1.7.1,2,2,3 15,9516,1
Gang-Steals\9\Game_20190309T131838.slp,1.7.1,28,4,0 25 25 2,9409,1
Gang-Steals\9\Game_20190309T132209.slp,1.7.1,28,4,0 25 25 20,8766,1
Gang-Steals\9\Game_20190309T132655.slp,1.7.1,31,4,13 9 2 22,10373,1
Gang-Steals\9\Game_20190309T133015.slp,1.7.1,28,4,13 9 12 22,11889,1
Gang-Steals\9\Game_20190309T133649.slp,1.7.1,3,2,19 2,963,1
Gang-Steals\9\Game_20190309T133731.slp,1.7.1,28,4,19 2 9 2,10785,1
Gang-Steals\9\Game_20190309T134047.slp,1.7.1,8,4,18 2 19 2,15318,1
Gang-Steals\9\Game_20190309T135656.slp,1.7.1,31,4,12 12 2 9,11991,1
Gang-Steals\9\Game_20190309T140049.slp,1.7.1,31,4,12 12 2 9,10855,1
Gang-Steals\9\Game_20190309T140420.slp,1.7.1,3,4,12 12 2 9,10564,1
Gang-Steals\9\Game_20190309T140833.slp,1.7.1,31,4,20 2 12 2,10635,1
Gang-Steals\9\Game_20190309T141155.slp,1.7.1,8,4,20 2 12 2,8118,1
Gang-Steals\9\Game_20190309T141851.slp,1.7.1,31,2,15 9,14195,1
Gang-Steals\9\Game_20190309T142304.slp,1.7.1,8,2,15 9,13039,1
Gang-Steals\9\Game_20190309T142729.slp,1.7.1,32,2,15 9,17356,1
Gang-Steals\9\Game_20190309T143638.slp,1.7.1,28,2,15 2,2367,1
Gang-Steals\9\Game_20190309T143732.slp,1.7.1,31,2,15 2,12260,1
Gang-Steals\9\Game_20190309T144110.slp,1.7.1,32,2,15 2,11417,1
Gang-Steals\9\Game_20190309T144433.slp,1.7.1,2,2,15 2,14860,1
Gang-Steals\9\Game_20190309T145025.slp,1.7.1,31,2,20 2,7096,1
Gang-Steals\9\Game_20190309T145242.slp,1.7.1,28,2,20 19,14387,1
Gang-Steals\9\Game_20190309T150051.slp,1.7.1,31,2,9 2,5928,1
Gang-Steals\9\Game_20190309T150254.slp,1.7.1,28,2,9 2,4382,1
Gang-Steals\9\Game_20190309T150427.slp,1.7.1,8,2,9 2,5508,1
Gang-Steals\9\Game_20190309T150616.slp,1.7.1,31,2,9 2,6016,1
Gang-Steals\9\Game_20190309T150814.slp,1.7.1,3,2,9 2,7233,1
Gang-Steals\9\Game_20190309T151031.slp,1.7.1,2,2,9 2,8237,1
Gang-Steals\9\Game_20190309T151325.slp,1.7.1,32,2,9 2,3199,1
Gang-Steals\9\Game_20190309T151450.slp,1.7.1,31,2,7 9,8797,1
Gang-Steals\9\Game_20190309T151743.slp,1.7.1,8,2,7 9,13477,1
Gang-Steals\stream\Game_20190309T115908.slp,1.7.1,2,2,20 20,5,1
Gang-Steals\stream\Game_20190309T115925.slp,1.7.1,8,2,20 9,7746,1
Gang-Steals\stream\Game_20190309T120148.slp,1.7.1,3,2,20 9,8997,1
Gang-Steals\stream\Game_20190309T120433.slp,1.7.1,28,2,20 9,8594,1
Gang-Steals\stream\Game_20190309T120731.slp,1.7.1,31,2,2 9,10957,1
Gang-Steals\stream\Game_20190309T121049.slp,1.7.1,32,2,2 2,8263,1
Gang-Steals\stream\Game_20190309T121318.slp,1.7.1,2,2,9 2,6799,1
Gang-Steals\stream\Game_20190309T121527.slp,1.7.1,31,2,20 2,5507,1
Gang-Steals\stream\Game_20190309T121713.slp,1.7.1,28,2,15 9,8737,1
Gang-Steals\stream\Game_20190309T121953.slp,1.7.1,8,2,15 9,7214,1
Gang-Steals\stream\Game_20190309T122208.slp,1.7.1,3,2,15 9,9844,1
Gang-Steals\stream\Game_20190309T122509.slp,1.7.1,3,2,0 9,11543,1
Gang-Steals\stream\Game_20190309T123400.slp,1.7.1,2,2,20 2,3649,1
Gang-Steals\stream\Game_20190309T123546.slp,1.7.1,31,2,20 2,41,1
Gang-Steals\stream\Game_20190309T123602.slp,1.7.1,32,2,20 2,10074,1
Gang-Steals\stream\Game_20190309T124141.slp,1.7.1,8,2,2 9,9724,1
Gang-Steals\stream\Game_20190309T124442.slp,1.7.1,31,2,2 9,8870,1
Gang-Steals\stream\Game_20190309T124830.slp,1.7.1,31,2,20 2,9461,1
Gang-Steals\stream\Game_20190309T125126.slp,1.7.1,31,2,20 2,9784,1
Gang-Steals\stream\Game_20190309T125444.slp,1.7.1,31,2,20 2,11541,1
Gang-Steals\stream\Game_20190309T125828.slp,1.7.1,28,2,20 2,13797,1
Gang-Steals\stream\Game_20190309T130355.slp,1.7.1,31,2,2 14,28800,1
Gang-Steals\stream\Game_20190309T134223.slp,1.7.1,28,4,22 0 2 13,7309,1
Gang-Steals\stream\Game_20190309T134444.slp,1.7.1,31,4,22 0 2 13,9896,1
Gang-Steals\stream\Game_20190309T134803.slp,1.7.1,28,4,22 0 2 13,10371,1
Gang-Steals\stream\Game_20190309T135327.slp,1.7.1,28,4,12 2 20 19,5926,1
Gang-Steals\stream\Game_20190309T135529.slp,1.7.1,31,4,12 2 20 19,11703,1
Gang-Steals\stream\Game_20190309T135923.slp,1.7.1,28,4,12 2 20 19,15170,1
Gang-Steals\stream\Game_20190309T140419.slp,1.7.1,32,4,12 2 20 19,12301,1
Gang-Steals\stream\Game_20190309T141251.slp,1.7.1,31,4,2 19 2 19,11856,1
Gang-Steals\stream\Game_20190309T141720.slp,1.7.1,32,4,2 19 15 19,15212,1
Gang-Steals\stream\Game_20190309T142303.slp,1.7.1,8,4,2 19 15 19,12654,1
Gang-Steals\stream\Game_20190309T142908.slp,1.7.1,28,4,12 9 25 19,5724,1
Gang-Steals\stream\Game_20190309T143119.slp,1.7.1,31,4,12 9 25 19,13648,1
Gang-Steals\stream\Game_20190309T143553.slp,1.7.1,8,4,12 9 25 19,12333,1
Gang-Steals\stream\Game_20190309T144223.slp,1.7.1,31,4,9 2 20 2,2473,1
Gang-Steals\stream\Game_20190309T144328.slp,1.7.1,3,4,9 2 20 2,13015,1
Gang-Steals\stream\Game_20190309T144737.slp,1.7.1,3,4,9 2 20 2,15351,1
Gang-Steals\stream\Game_20190309T145236.slp,1.7.1,28,4,9 2 20 2,14846,1
Gang-Steals\stream\Game_20190309T150214.slp,1.7.1,3,4,9 2 20 2,9413,1
Gang-Steals\stream\Game_20190309T150514.slp,1.7.1,28,4,9 2 20 2,12525,1
Gang-Steals\stream\Game_20190309T150947.slp,1.7.1,32,4,9 2 20 2,9974,1
Gang-Steals\stream\Game_20190309T151426.slp,1.7.1,32,4,9 2 20 2,13742,1
Gang-Steals\stream\Game_20190309T151912.slp,1.7.1,8,4,9 2 20 2,10049,1
Gang-Steals\stream\Game_20190309T152438.slp,1.7.1,31,3,12 12 19,12988,1
Gang-Steals\stream\Game_20190309T152930.slp,1.7.1,31,4,12 9 12 19,11299,1
Gang-Steals\stream\Game_20190309T153259.slp,1.7.1,28,4,12 9 12 19,14482,1
Gang-Steals\stream\Game_20190309T153720.slp,1.7.1,28,4,12 9 12 19,14297,1
Gang-Steals\stream\Game_20190309T154453.slp,1.7.1,3,4,0 20 2 2,6320,1
Gang-Steals\stream\Game_20190309T154658.slp,1.7.1,3,4,0 20 2 2,12503,1
Gang-Steals\stream\Game_20190309T155048.slp,1.7.1,32,4,0 20 2 2,10633,1
Gang-Steals\stream\Game_20190309T155418.slp,1.7.1,31,4,0 20 2 2,10367,1
Gang-Steals\stream\Game_20190309T155753.slp,1.7.1,31,4,0 20 2 2,8208,1
Gang-Steals\stream\Game_20190309T160438.slp,1.7.1,3,4,0 9 12 2,10956,1
Gang-Steals\stream\Game_20190309T160821.slp,1.7.1,32,4,0 9 12 2,9611,1
Gang-Steals\stream\Game_20190309T161130.slp,1.7.1,8,4,0 9 12 2,11481,1
Gang-Steals\stream\Game_20190309T161524.slp,1.7.1,28,4,0 9 12 2,11233,1
Gang-Steals\stream\Game_20190309T162146.slp,1.7.1,31,4,20 9 12 2,8110,1
Gang-Steals\stream\Game_20190309T162432.slp,1.7.1,8,4,20 9 12 2,9025,1
Gang-Steals\stream\Game_20190309T162737.slp,1.7.1,3,4,20 9 12 2,13123,1
Gang-Steals\stream\Game_20190309T163142.slp,1.7.1,31,4,20 9 12 2,10746,1
Gang-Steals\stream\Game_20190309T163949.slp,1.7.1,3,4,20 2 9 2,12555,1
Gang-Steals\stream\Game_20190309T164348.slp,1.7.1,31,4,20 2 9 2,2793,1
Gang-Steals\stream\Game_20190309T164455.slp,1.7.1,8,4,20 2 9 2,10050,1
Gang-Steals\stream\Game_20190309T164841.slp,1.7.1,28,4,20 2 9 2,11358,1
Gang-Steals\stream\Game_20190309T165253.slp,1.7.1,28,4,20 2 9 2,11217,1
Gang-Steals\stream\Game_20190309T165647.slp,1.7.1,32,4,20 2 9 2,9217,1
Gang-Steals\stream\Game_20190309T170057.slp,1.7.1,31,2,9 12,7970,1
Gang-Steals\stream\Game_20190309T170342.slp,1.7.1,31,2,12 9,74,1
Gang-Steals\stream\Game_20190309T170408.slp,1.7.1,31,2,12 9,21770,1
Gang-Steals\stream\Game_20190309T171027.slp,1.7.1,31,2,12 9,15261,1
Gang-Steals\stream\Game_20190309T171457.slp,1.7.1,28,2,12 9,18218,1
Gang-Steals\stream\Game_20190309T172017.slp,1.7.1,3,2,12 9,18934,1
Gang-Steals\stream\Game_20190309T172731.slp,1.7.1,28,2,2 19,13330,1
Gang-Steals\stream\Game_20190309T173134.slp,1.7.1,3,2,2 19,6550,1
Gang-Steals\stream\Game_20190309T173344.slp,1.7.1,31,2,2 19,11530,1
Gang-Steals\stream\Game_20190309T173714.slp,1.7.1,31,2,2 19,11770,1
Gang-Steals\stream\Game_20190309T174258.slp,1.7.1,31,2,20 2,7020,1
Gang-Steals\stream\Game_20190309T174530.slp,1.7.1,31,2,20 2,5014,1
Gang-Steals\stream\Game_20190309T174708.slp,1.7.1,31,2,20 2,15847,1
Gang-Steals\stream\Game_20190309T175214.slp,1.7.1,8,2,20 2,7985,1
Gang-Steals\stream\Game_20190309T175441.slp,1.7.1,31,2,20 2,15190,1
Gang-Steals\stream\Game_20190309T180008.slp,1.7.1,31,2,0 2,3899,1
Gang-Steals\stream\Game_20190309T180132.slp,1.7.1,31,2,0 2,13225,1
Gang-Steals\stream\Game_20190309T180533.slp,1.7.1,8,2,0 2,9681,1
Gang-Steals\stream\Game_20190309T180832.slp,1.7.1,28,2,0 2,11258,1
Gang-Steals\stream\Game_20190309T181204.slp,1.7.1,2,2,0 2,7218,1
Gang-Steals\stream\Game_20190309T181538.slp,1.7.1,31,2,9 9,6700,1
Gang-Steals\stream\Game_20190309T181813.slp,1.7.1,28,2,9 9,14412,1
Gang-Steals\stream\Game_20190309T182232.slp,1.7.1,31,2,9 9,5642,1
Gang-Steals\stream\Game_20190309T182440.slp,1.7.1,32,2,9 9,15555,1
Gang-Steals\stream\Game_20190309T182946.slp,1.7.1,8,2,9 9,9824,1
Gang-Steals\stream\Game_20190309T183517.slp,1.7.1,31,2,2 18,3488,1
Gang-Steals\stream\Game_20190309T183632.slp,1.7.1,28,2,2 19,7004,1
Gang-Steals\stream\Game_20190309T183849.slp,1.7.1,3,2,2 19,8442,1
Gang-Steals\stream\Game_20190309T184133.slp,1.7.1,3,2,2 19,11615,1
Gang-Steals\stream\Game_20190309T184629.slp,1.7.1,31,2,15 9,5539,1
Gang-Steals\stream\Game_20190309T184816.slp,1.7.1,31,2,15 9,16195,1
Gang-Steals\stream\Game_20190309T185315.slp,1.7.1,28,2,15 9,27426,1
Gang-Steals\stream\Game_20190309T190113.slp,1.7.1,28,2,15 9,19118,1
Gang-Steals\stream\Game_20190309T191241.slp,1.7.1,8,2,2 19,13757,1
Gang-Steals\stream\Game_20190309T191646.slp,1.7.1,31,2,2 19,15027,1
Gang-Steals\stream\Game_20190309T192116.slp,1.7.1,28,2,2 19,12387,1
Gang-Steals\stream\Game_20190309T192502.slp,1.7.1,28,2,2 19,15799,1
Gang-Steals\stream\Game_20190309T192946.slp,1.7.1,2,2,2 19,17093,1
Gang-Steals\stream\Game_20190309T193624.slp,1.7.1,28,2,15 20,3479,1
Gang-Steals\stream\Game_20190309T193806.slp,1.7.1,31,2,15 20,16818,1
Gang-Steals\stream\Game_20190309T194404.slp,1.7.1,8,2,15 20,14757,1
Gang-Steals\stream\Game_20190309T194844.slp,1.7.1,8,2,15 20,12702,1
Gang-Steals\stream\Game_20190309T195338.slp,1.7.1,8,2,15 20,8493,1
Gang-Steals\stream\Game_20190309T200136.slp,1.7.1,8,2,2 9,12365,1
Gang-Steals\stream\Game_20190309T200539.slp,1.7.1,3,2,2 9,8072,1
Gang-Steals\stream\Game_20190309T200821.slp,1.7.1,2,2,2 9,11713,1
Gang-Steals\stream\Game_20190309T201153.slp,1.7.1,8,2,2 9,8704,1
Gang-Steals\stream\Game_20190309T201502.slp,1.7.1,31,2,2 9,6302,1
Gang-Steals\stream\Game_20190309T201824.slp,1.7.1,31,2,18 9,1843,1
Gang-Steals\stream\Game_20190309T201913.slp,1.7.1,31,2,19 9,1673,1
Gang-Steals\stream\Game_20190309T201956.slp,1.7.1,31,2,19 9,13623,1
Gang-Steals\stream\Game_20190309T202402.slp,1.7.1,32,2,19 9,15868,1
Gang-Steals\stream\Game_20190309T202844.slp,1.7.1,28,2,19 9,13544,1
Gang-Steals\stream\Game_20190309T203254.slp,1.7.1,3,2,19 9,10973,1
Gang-Steals\stream\Game_20190309T203659.slp,1.7.1,3,2,19 9,13975,1
Gang-Steals\stream\Game_20190309T204611.slp,1.7.1,28,2,2 15,15532,1
Gang-Steals\stream\Game_20190309T205046.slp,1.7.1,31,2,2 15,18414,1
Gang-Steals\stream\Game_20190309T205616.slp,1.7.1,31,2,2 15,36,1
Gang-Steals\stream\Game_20190309T205631.slp,1.7.1,28,2,2 15,21440,1
Gang-Steals\stream\Game_20190309T210401.slp,1.7.1,28,2,2 19,11206,1
Gang-Steals\stream\Game_20190309T210725.slp,1.7.1,32,2,2 19,13682,1
Gang-Steals\stream\Game_20190309T211131.slp,1.7.1,8,2,2 19,10951,1
Gang-Steals\stream\Game_20190309T211548.slp,1.7.1,31,2,19 9,2304,1
Gang-Steals\stream\Game_20190309T211642.slp,1.7.1,31,2,19 9,7891,1
Gang-Steals\stream\Game_20190309T211912.slp,1.7.1,2,2,19 9,10100,1
Gang-Steals\stream\Game_20190309T212217.slp,1.7.1,8,2,19 9,11912,1
